
Gurobi 12.0.3 (linux64, C++) logging started Thu Nov 20 12:50:24 2025

Set parameter LicenseID to value 2723399
Set parameter TimeLimit to value 7200
Set parameter MIPGap to value 0
Set parameter LogFile to value "two_index_formulation_original.log"
Gurobi Optimizer version 12.0.3 build v12.0.3rc0 (linux64 - "Ubuntu 24.04.2 LTS")

CPU model: AMD Ryzen Threadripper 7970X 32-Cores, instruction set [SSE2|AVX|AVX2|AVX512]
Thread count: 32 physical cores, 64 logical processors, using up to 32 threads

Non-default parameters:
TimeLimit  7200
MIPGap  0

Optimize a model with 524472 rows, 534672 columns and 4176957 nonzeros
Model fingerprint: 0xefed6fe6
Variable types: 356588 continuous, 178084 integer (178084 binary)
Coefficient statistics:
  Matrix range     [1e+00, 2e+03]
  Objective range  [1e+00, 1e+04]
  Bounds range     [1e+00, 2e+03]
  RHS range        [1e+00, 2e+02]

User MIP start produced solution with objective 328678 (0.50s)
Loaded user MIP start with objective 328678

Presolve removed 221219 rows and 310041 columns (presolve time = 5s)...
Presolve removed 221902 rows and 310640 columns (presolve time = 10s)...
Presolve removed 221009 rows and 309742 columns
Presolve time: 12.10s
Presolved: 303463 rows, 224930 columns, 2407843 nonzeros
Variable types: 142526 continuous, 82404 integer (82404 binary)
Deterministic concurrent LP optimizer: primal simplex, dual simplex, and barrier
Showing barrier log only...

Root barrier log...

Ordering time: 6.73s

Barrier statistics:
 Dense cols : 1916
 AA' NZ     : 6.184e+06
 Factor NZ  : 2.364e+07 (roughly 400 MB of memory)
 Factor Ops : 2.375e+10 (less than 1 second per iteration)
 Threads    : 30

                  Objective                Residual
Iter       Primal          Dual         Primal    Dual     Compl     Time
   0   1.68441242e+08 -4.15410811e+09  2.64e+05 1.54e+02  2.60e+05    22s
   1   1.31315045e+08 -4.13161838e+09  2.35e+05 4.36e+02  2.33e+05    22s
   2   1.10436164e+08 -4.10842755e+09  2.09e+05 3.94e+02  2.12e+05    23s
   3   1.10563623e+08 -4.00210411e+09  1.86e+05 3.20e+02  1.83e+05    23s
   4   8.68390614e+07 -3.87596066e+09  1.35e+05 2.49e+02  1.37e+05    23s
   5   6.89516423e+07 -3.74012684e+09  1.00e+05 1.87e+02  1.03e+05    23s
   6   5.60329778e+07 -3.55831786e+09  7.87e+04 1.31e+02  8.00e+04    23s
   7   3.64754863e+07 -3.10058853e+09  5.03e+04 6.13e+01  5.12e+04    24s
   8   1.33842367e+07 -2.04978237e+09  1.80e+04 5.93e-10  1.86e+04    24s
   9   4.08285563e+06 -9.62610382e+08  5.20e+03 2.77e-10  5.38e+03    24s
  10   2.68316713e+06 -6.68342886e+08  3.27e+03 2.84e-12  3.29e+03    24s
  11   2.11670304e+06 -5.36394147e+08  2.48e+03 4.80e-11  2.47e+03    24s
  12   1.52764044e+06 -4.27394137e+08  1.68e+03 2.95e-11  1.71e+03    24s
  13   1.29695101e+06 -3.64561555e+08  1.36e+03 3.00e-11  1.39e+03    24s
  14   1.13119622e+06 -2.91338801e+08  1.14e+03 3.00e-11  1.12e+03    24s
  15   8.45638824e+05 -2.44653156e+08  7.43e+02 1.98e-11  7.93e+02    25s
  16   7.08291076e+05 -1.56545390e+08  4.42e+02 1.29e-11  4.69e+02    25s
  17   6.40893018e+05 -8.93341566e+07  2.32e+02 3.59e-11  2.45e+02    25s
  18   6.39582567e+05 -7.22737748e+07  2.15e+02 2.65e-11  2.09e+02    25s
  19   6.34246376e+05 -5.48437580e+07  1.84e+02 2.20e-11  1.65e+02    25s
  20   6.36418734e+05 -4.85309815e+07  1.52e+02 2.49e-11  1.39e+02    25s
  21   6.25935450e+05 -3.67577482e+07  9.68e+01 1.01e-11  9.44e+01    26s
  22   6.20962350e+05 -2.56367457e+07  4.92e+01 4.14e-12  5.53e+01    26s
  23   6.18180524e+05 -1.38938220e+07  2.83e+01 6.75e-12  2.82e+01    26s
  24   6.03045495e+05 -7.57127163e+06  1.07e+01 3.12e-12  1.33e+01    26s
  25   5.89273490e+05 -5.23963787e+06  7.70e+00 1.92e-12  9.11e+00    26s
  26   5.75708356e+05 -3.80689750e+06  6.11e+00 3.10e-12  6.70e+00    26s
  27   5.68434358e+05 -2.73750276e+06  5.27e+00 1.56e-12  4.98e+00    26s
  28   5.52034972e+05 -1.86933853e+06  3.73e+00 1.55e-12  3.54e+00    26s
  29   5.35290875e+05 -1.36320091e+06  2.58e+00 8.08e-13  2.71e+00    27s
  30   5.21693930e+05 -9.28710021e+05  2.05e+00 1.31e-12  2.04e+00    27s
  31   5.06822190e+05 -7.30456381e+05  1.52e+00 1.26e-12  1.72e+00    27s
  32   4.98767291e+05 -5.95402559e+05  1.32e+00 2.12e-12  1.51e+00    27s
  33   4.92727363e+05 -3.69650884e+05  1.17e+00 2.30e-12  1.19e+00    27s
  34   4.79510725e+05 -1.86072909e+05  9.66e-01 2.26e-12  9.14e-01    28s
  35   4.65547454e+05 -1.19262904e+05  8.21e-01 1.60e-12  8.00e-01    28s
  36   4.52362872e+05  1.53755864e+04  7.08e-01 2.10e-12  5.97e-01    28s
  37   4.39095199e+05  6.82270036e+04  6.43e-01 3.12e-12  5.06e-01    28s
  38   4.22400316e+05  1.11004502e+05  5.44e-01 2.75e-12  4.24e-01    28s
  39   4.04399031e+05  1.62526998e+05  4.53e-01 2.00e-12  3.29e-01    28s
  40   3.87044949e+05  1.88164254e+05  3.75e-01 1.64e-12  2.71e-01    29s
  41   3.65008374e+05  2.10730653e+05  2.82e-01 2.82e-12  2.10e-01    29s
  42   3.45696011e+05  2.30225673e+05  2.08e-01 2.15e-12  1.57e-01    29s
  43   3.32982418e+05  2.45031336e+05  1.61e-01 2.07e-12  1.19e-01    29s
  44   3.13871655e+05  2.56543377e+05  9.31e-02 2.05e-12  7.76e-02    29s
  45   3.01842318e+05  2.65789838e+05  5.34e-02 2.48e-12  4.87e-02    29s
  46   2.97586580e+05  2.71468736e+05  4.01e-02 2.82e-12  3.53e-02    30s
  47   2.95324487e+05  2.73262409e+05  3.32e-02 2.70e-12  2.98e-02    30s
  48   2.92579876e+05  2.75989122e+05  2.50e-02 1.91e-12  2.24e-02    30s
  49   2.90919483e+05  2.78660580e+05  2.01e-02 2.35e-12  1.66e-02    30s
  50   2.88190311e+05  2.80335437e+05  1.23e-02 3.13e-12  1.06e-02    30s
  51   2.86921004e+05  2.81144715e+05  8.72e-03 1.87e-12  7.81e-03    30s
  52   2.85624295e+05  2.82117197e+05  5.10e-03 1.80e-12  4.74e-03    31s
  53   2.84955372e+05  2.82646858e+05  3.27e-03 2.12e-12  3.12e-03    31s
  54   2.84578435e+05  2.82993149e+05  2.24e-03 2.23e-12  2.14e-03    31s
  55   2.84294578e+05  2.83119255e+05  1.48e-03 1.75e-12  1.58e-03    31s
  56   2.84078757e+05  2.83306888e+05  8.89e-04 2.41e-12  1.04e-03    31s
  57   2.83928045e+05  2.83468768e+05  5.25e-04 2.73e-12  6.18e-04    31s
  58   2.83872512e+05  2.83559525e+05  3.87e-04 2.06e-12  4.22e-04    31s
  59   2.83816625e+05  2.83627048e+05  2.50e-04 2.27e-12  2.56e-04    31s
  60   2.83782785e+05  2.83651785e+05  1.68e-04 2.83e-12  1.77e-04    31s
  61   2.83768234e+05  2.83671102e+05  1.33e-04 1.72e-11  1.31e-04    32s
  62   2.83724710e+05  2.83698557e+05  3.25e-05 8.96e-12  3.52e-05    32s
  63   2.83712356e+05  2.83709247e+05  3.65e-06 2.73e-12  4.19e-06    32s
  64   2.83710405e+05  2.83710229e+05  1.51e-08 4.26e-12  2.34e-07    32s
  65   2.83710394e+05  2.83710388e+05  6.12e-09 7.36e-12  7.65e-09    32s
  66   2.83710393e+05  2.83710393e+05  1.02e-07 1.47e-11  2.48e-11    32s

Barrier solved model in 66 iterations and 32.21 seconds (61.54 work units)
Optimal objective 2.83710393e+05


Root crossover log...

  140274 DPushes remaining with DInf 0.0000000e+00                32s
       0 DPushes remaining with DInf 0.0000000e+00                33s

     842 PPushes remaining with PInf 0.0000000e+00                33s
       0 PPushes remaining with PInf 0.0000000e+00                34s

  Push phase complete: Pinf 0.0000000e+00, Dinf 3.5964005e-10     34s


Root simplex log...

Iteration    Objective       Primal Inf.    Dual Inf.      Time
   42909    2.8371039e+05   0.000000e+00   0.000000e+00     34s
Concurrent spin time: 3.04s (can be avoided by choosing Method=3)

Solved with barrier
   42909    2.8371039e+05   0.000000e+00   0.000000e+00     37s

Root relaxation: objective 2.837104e+05, 42909 iterations, 23.09 seconds (40.65 work units)

    Nodes    |    Current Node    |     Objective Bounds      |     Work
 Expl Unexpl |  Obj  Depth IntInf | Incumbent    BestBd   Gap | It/Node Time

     0     0 283710.393    0  830 328678.229 283710.393  13.7%     -   41s
     0     0 284479.271    0  899 328678.229 284479.271  13.4%     -  140s
     0     0 284539.980    0  916 328678.229 284539.980  13.4%     -  286s
     0     0 284543.536    0  924 328678.229 284543.536  13.4%     -  289s
     0     0 284544.196    0  929 328678.229 284544.196  13.4%     -  290s
     0     0 284544.254    0  931 328678.229 284544.254  13.4%     -  290s
     0     0 284955.858    0  947 328678.229 284955.858  13.3%     -  361s
     0     0 285006.314    0  942 328678.229 285006.314  13.3%     -  383s
     0     0 285010.048    0  960 328678.229 285010.048  13.3%     -  388s
     0     0 285010.451    0  958 328678.229 285010.451  13.3%     -  389s
     0     0 285010.469    0  969 328678.229 285010.469  13.3%     -  390s
     0     0 285248.512    0 1028 328678.229 285248.512  13.2%     -  463s
     0     0 285275.677    0 1026 328678.229 285275.677  13.2%     -  480s
     0     0 285280.508    0 1059 328678.229 285280.508  13.2%     -  486s

Gurobi 12.0.3 (linux64, C++) logging started Thu Nov 20 13:04:25 2025

Set parameter LicenseID to value 2723399
Set parameter TimeLimit to value 7200
Set parameter MIPGap to value 0
Set parameter LogFile to value "two_index_formulation_original.log"
Gurobi Optimizer version 12.0.3 build v12.0.3rc0 (linux64 - "Ubuntu 24.04.2 LTS")

CPU model: AMD Ryzen Threadripper 7970X 32-Cores, instruction set [SSE2|AVX|AVX2|AVX512]
Thread count: 32 physical cores, 64 logical processors, using up to 32 threads

Non-default parameters:
TimeLimit  7200
MIPGap  0

Optimize a model with 524472 rows, 534672 columns and 4176957 nonzeros
Model fingerprint: 0xefed6fe6
Variable types: 356588 continuous, 178084 integer (178084 binary)
Coefficient statistics:
  Matrix range     [1e+00, 2e+03]
  Objective range  [1e+00, 1e+04]
  Bounds range     [1e+00, 2e+03]
  RHS range        [1e+00, 2e+02]

User MIP start produced solution with objective 328678 (0.51s)
Loaded user MIP start with objective 328678

Presolve removed 221219 rows and 310041 columns (presolve time = 5s)...
Presolve removed 221902 rows and 310640 columns (presolve time = 10s)...
Presolve removed 221009 rows and 309742 columns
Presolve time: 12.09s
Presolved: 303463 rows, 224930 columns, 2407843 nonzeros
Variable types: 142526 continuous, 82404 integer (82404 binary)
Deterministic concurrent LP optimizer: primal simplex, dual simplex, and barrier
Showing barrier log only...

Root barrier log...

Ordering time: 6.68s

Barrier statistics:
 Dense cols : 1916
 AA' NZ     : 6.184e+06
 Factor NZ  : 2.364e+07 (roughly 400 MB of memory)
 Factor Ops : 2.375e+10 (less than 1 second per iteration)
 Threads    : 30

                  Objective                Residual
Iter       Primal          Dual         Primal    Dual     Compl     Time
   0   1.68441242e+08 -4.15410811e+09  2.64e+05 1.54e+02  2.60e+05    22s
   1   1.31315045e+08 -4.13161838e+09  2.35e+05 4.36e+02  2.33e+05    23s
   2   1.10436164e+08 -4.10842755e+09  2.09e+05 3.94e+02  2.12e+05    23s
   3   1.10563623e+08 -4.00210411e+09  1.86e+05 3.20e+02  1.83e+05    23s
   4   8.68390614e+07 -3.87596066e+09  1.35e+05 2.49e+02  1.37e+05    23s
   5   6.89516423e+07 -3.74012684e+09  1.00e+05 1.87e+02  1.03e+05    23s
   6   5.60329778e+07 -3.55831786e+09  7.87e+04 1.31e+02  8.00e+04    23s
   7   3.64754863e+07 -3.10058853e+09  5.03e+04 6.13e+01  5.12e+04    23s
   8   1.33842367e+07 -2.04978237e+09  1.80e+04 5.93e-10  1.86e+04    24s
   9   4.08285563e+06 -9.62610382e+08  5.20e+03 2.77e-10  5.38e+03    24s
  10   2.68316713e+06 -6.68342886e+08  3.27e+03 2.84e-12  3.29e+03    24s
  11   2.11670304e+06 -5.36394147e+08  2.48e+03 4.80e-11  2.47e+03    24s
  12   1.52764044e+06 -4.27394137e+08  1.68e+03 2.95e-11  1.71e+03    24s
  13   1.29695101e+06 -3.64561555e+08  1.36e+03 3.00e-11  1.39e+03    24s
  14   1.13119622e+06 -2.91338801e+08  1.14e+03 3.00e-11  1.12e+03    24s
  15   8.45638824e+05 -2.44653156e+08  7.43e+02 1.98e-11  7.93e+02    25s
  16   7.08291076e+05 -1.56545390e+08  4.42e+02 1.29e-11  4.69e+02    25s
  17   6.40893018e+05 -8.93341566e+07  2.32e+02 3.59e-11  2.45e+02    25s
  18   6.39582567e+05 -7.22737748e+07  2.15e+02 2.65e-11  2.09e+02    25s
  19   6.34246376e+05 -5.48437580e+07  1.84e+02 2.20e-11  1.65e+02    25s
  20   6.36418734e+05 -4.85309815e+07  1.52e+02 2.49e-11  1.39e+02    25s
  21   6.25935450e+05 -3.67577482e+07  9.68e+01 1.01e-11  9.44e+01    25s
  22   6.20962350e+05 -2.56367457e+07  4.92e+01 4.14e-12  5.53e+01    26s
  23   6.18180524e+05 -1.38938220e+07  2.83e+01 6.75e-12  2.82e+01    26s
  24   6.03045495e+05 -7.57127163e+06  1.07e+01 3.12e-12  1.33e+01    26s
  25   5.89273490e+05 -5.23963787e+06  7.70e+00 1.92e-12  9.11e+00    26s
  26   5.75708356e+05 -3.80689750e+06  6.11e+00 3.10e-12  6.70e+00    26s
  27   5.68434358e+05 -2.73750276e+06  5.27e+00 1.56e-12  4.98e+00    26s
  28   5.52034972e+05 -1.86933853e+06  3.73e+00 1.55e-12  3.54e+00    26s
  29   5.35290875e+05 -1.36320091e+06  2.58e+00 8.08e-13  2.71e+00    27s
  30   5.21693930e+05 -9.28710021e+05  2.05e+00 1.31e-12  2.04e+00    27s
  31   5.06822190e+05 -7.30456381e+05  1.52e+00 1.26e-12  1.72e+00    27s
  32   4.98767291e+05 -5.95402559e+05  1.32e+00 2.12e-12  1.51e+00    27s
  33   4.92727363e+05 -3.69650884e+05  1.17e+00 2.30e-12  1.19e+00    27s
  34   4.79510725e+05 -1.86072909e+05  9.66e-01 2.26e-12  9.14e-01    27s
  35   4.65547454e+05 -1.19262904e+05  8.21e-01 1.60e-12  8.00e-01    28s
  36   4.52362872e+05  1.53755864e+04  7.08e-01 2.10e-12  5.97e-01    28s
  37   4.39095199e+05  6.82270036e+04  6.43e-01 3.12e-12  5.06e-01    28s
  38   4.22400316e+05  1.11004502e+05  5.44e-01 2.75e-12  4.24e-01    28s
  39   4.04399031e+05  1.62526998e+05  4.53e-01 2.00e-12  3.29e-01    28s
  40   3.87044949e+05  1.88164254e+05  3.75e-01 1.64e-12  2.71e-01    28s
  41   3.65008374e+05  2.10730653e+05  2.82e-01 2.82e-12  2.10e-01    29s
  42   3.45696011e+05  2.30225673e+05  2.08e-01 2.15e-12  1.57e-01    29s
  43   3.32982418e+05  2.45031336e+05  1.61e-01 2.07e-12  1.19e-01    29s
  44   3.13871655e+05  2.56543377e+05  9.31e-02 2.05e-12  7.76e-02    29s
  45   3.01842318e+05  2.65789838e+05  5.34e-02 2.48e-12  4.87e-02    29s
  46   2.97586580e+05  2.71468736e+05  4.01e-02 2.82e-12  3.53e-02    29s
  47   2.95324487e+05  2.73262409e+05  3.32e-02 2.70e-12  2.98e-02    30s
  48   2.92579876e+05  2.75989122e+05  2.50e-02 1.91e-12  2.24e-02    30s
  49   2.90919483e+05  2.78660580e+05  2.01e-02 2.35e-12  1.66e-02    30s
  50   2.88190311e+05  2.80335437e+05  1.23e-02 3.13e-12  1.06e-02    30s
  51   2.86921004e+05  2.81144715e+05  8.72e-03 1.87e-12  7.81e-03    30s
  52   2.85624295e+05  2.82117197e+05  5.10e-03 1.80e-12  4.74e-03    30s
  53   2.84955372e+05  2.82646858e+05  3.27e-03 2.12e-12  3.12e-03    30s
  54   2.84578435e+05  2.82993149e+05  2.24e-03 2.23e-12  2.14e-03    31s
  55   2.84294578e+05  2.83119255e+05  1.48e-03 1.75e-12  1.58e-03    31s
  56   2.84078757e+05  2.83306888e+05  8.89e-04 2.41e-12  1.04e-03    31s
  57   2.83928045e+05  2.83468768e+05  5.25e-04 2.73e-12  6.18e-04    31s
  58   2.83872512e+05  2.83559525e+05  3.87e-04 2.06e-12  4.22e-04    31s
  59   2.83816625e+05  2.83627048e+05  2.50e-04 2.27e-12  2.56e-04    31s
  60   2.83782785e+05  2.83651785e+05  1.68e-04 2.83e-12  1.77e-04    31s
  61   2.83768234e+05  2.83671102e+05  1.33e-04 1.72e-11  1.31e-04    31s
  62   2.83724710e+05  2.83698557e+05  3.25e-05 8.96e-12  3.52e-05    31s
  63   2.83712356e+05  2.83709247e+05  3.65e-06 2.73e-12  4.19e-06    32s
  64   2.83710405e+05  2.83710229e+05  1.51e-08 4.26e-12  2.34e-07    32s
  65   2.83710394e+05  2.83710388e+05  6.12e-09 7.36e-12  7.65e-09    32s
  66   2.83710393e+05  2.83710393e+05  1.02e-07 1.47e-11  2.48e-11    32s

Barrier solved model in 66 iterations and 31.98 seconds (61.54 work units)
Optimal objective 2.83710393e+05


Root crossover log...

  140274 DPushes remaining with DInf 0.0000000e+00                32s
       0 DPushes remaining with DInf 0.0000000e+00                33s

     842 PPushes remaining with PInf 0.0000000e+00                33s
       0 PPushes remaining with PInf 0.0000000e+00                33s

  Push phase complete: Pinf 0.0000000e+00, Dinf 3.5964005e-10     33s


Root simplex log...

Iteration    Objective       Primal Inf.    Dual Inf.      Time
   42909    2.8371039e+05   0.000000e+00   0.000000e+00     33s
Concurrent spin time: 2.07s

Solved with barrier
   42909    2.8371039e+05   0.000000e+00   0.000000e+00     36s

Root relaxation: objective 2.837104e+05, 42909 iterations, 21.88 seconds (40.65 work units)

    Nodes    |    Current Node    |     Objective Bounds      |     Work
 Expl Unexpl |  Obj  Depth IntInf | Incumbent    BestBd   Gap | It/Node Time

     0     0 283710.393    0  830 328678.229 283710.393  13.7%     -   40s
     0     0 284479.271    0  899 328678.229 284479.271  13.4%     -  139s
     0     0 284539.980    0  916 328678.229 284539.980  13.4%     -  285s
     0     0 284543.536    0  924 328678.229 284543.536  13.4%     -  288s
     0     0 284544.196    0  929 328678.229 284544.196  13.4%     -  289s
     0     0 284544.254    0  931 328678.229 284544.254  13.4%     -  290s
     0     0 284955.858    0  947 328678.229 284955.858  13.3%     -  360s
     0     0 285006.314    0  942 328678.229 285006.314  13.3%     -  383s
     0     0 285010.048    0  960 328678.229 285010.048  13.3%     -  387s
     0     0 285010.451    0  958 328678.229 285010.451  13.3%     -  389s
     0     0 285010.469    0  969 328678.229 285010.469  13.3%     -  389s
     0     0 285248.512    0 1028 328678.229 285248.512  13.2%     -  463s
     0     0 285275.677    0 1026 328678.229 285275.677  13.2%     -  480s
     0     0 285280.508    0 1059 328678.229 285280.508  13.2%     -  486s
     0     0 285281.066    0 1053 328678.229 285281.066  13.2%     -  489s
     0     0 285281.133    0 1050 328678.229 285281.133  13.2%     -  490s
     0     0 285404.017    0 1093 328678.229 285404.017  13.2%     -  554s
     0     0 285421.846    0 1141 328678.229 285421.846  13.2%     -  571s
     0     0 285425.266    0 1148 328678.229 285425.266  13.2%     -  576s
     0     0 285425.773    0 1166 328678.229 285425.773  13.2%     -  579s
     0     0 285425.903    0 1166 328678.229 285425.903  13.2%     -  580s
     0     0 285476.029    0 1104 328678.229 285476.029  13.1%     -  630s
     0     0 285484.800    0 1128 328678.229 285484.800  13.1%     -  644s
     0     0 285486.496    0 1134 328678.229 285486.496  13.1%     -  648s
     0     0 285486.919    0 1149 328678.229 285486.919  13.1%     -  650s
     0     0 285487.096    0 1157 328678.229 285487.096  13.1%     -  651s
     0     0 285523.522    0 1141 328678.229 285523.522  13.1%     -  686s
     0     0 285529.322    0 1179 328678.229 285529.322  13.1%     -  700s
     0     0 285531.012    0 1202 328678.229 285531.012  13.1%     -  705s
     0     0 285531.571    0 1197 328678.229 285531.571  13.1%     -  707s
     0     0 285531.679    0 1206 328678.229 285531.679  13.1%     -  708s
     0     0 285560.635    0 1180 328678.229 285560.635  13.1%     -  740s
     0     0 285564.546    0 1177 328678.229 285564.546  13.1%     -  752s
     0     0 285566.679    0 1192 328678.229 285566.679  13.1%     -  756s
     0     0 285566.828    0 1219 328678.229 285566.828  13.1%     -  758s
     0     0 285588.088    0 1188 328678.229 285588.088  13.1%     -  789s
     0     0 285590.136    0 1198 328678.229 285590.136  13.1%     -  797s
     0     0 285590.487    0 1204 328678.229 285590.487  13.1%     -  800s
     0     0 285590.591    0 1213 328678.229 285590.591  13.1%     -  801s
     0     0 285602.951    0 1224 328678.229 285602.951  13.1%     -  824s
     0     0 285605.046    0 1231 328678.229 285605.046  13.1%     -  831s
     0     0 285606.118    0 1213 328678.229 285606.118  13.1%     -  835s
     0     0 285606.284    0 1219 328678.229 285606.284  13.1%     -  837s
     0     0 285615.731    0 1223 328678.229 285615.731  13.1%     -  857s
     0     0 285617.235    0 1211 328678.229 285617.235  13.1%     -  863s
     0     0 285617.776    0 1229 328678.229 285617.776  13.1%     -  866s
     0     0 285617.958    0 1226 328678.229 285617.958  13.1%     -  868s
     0     0 285646.823    0 1220 328678.229 285646.823  13.1%     -  891s
     0     0 285653.073    0 1250 328678.229 285653.073  13.1%     -  901s
     0     0 285654.659    0 1272 328678.229 285654.659  13.1%     -  907s
     0     0 285655.471    0 1256 328678.229 285655.471  13.1%     -  910s
     0     0 285655.780    0 1257 328678.229 285655.780  13.1%     -  912s
     0     0 285655.805    0 1267 328678.229 285655.805  13.1%     -  913s
     0     0 285665.612    0 1248 328678.229 285665.612  13.1%     -  930s
     0     0 285668.897    0 1280 328678.229 285668.897  13.1%     -  937s
     0     0 285669.277    0 1281 328678.229 285669.277  13.1%     -  940s
     0     0 285669.782    0 1284 328678.229 285669.782  13.1%     -  943s
     0     0 285669.815    0 1288 328678.229 285669.815  13.1%     -  944s
     0     0 285676.798    0 1254 328678.229 285676.798  13.1%     -  962s
     0     0 285677.707    0 1253 328678.229 285677.707  13.1%     -  967s
     0     0 285677.899    0 1267 328678.229 285677.899  13.1%     -  968s
     0     0 285692.908    0 1261 328678.229 285692.908  13.1%     -  994s
     0     0 285695.346    0 1274 328678.229 285695.346  13.1%     - 1015s
     0     0 285696.093    0 1299 328678.229 285696.093  13.1%     - 1018s
     0     0 285696.342    0 1291 328678.229 285696.342  13.1%     - 1020s
     0     0 285701.841    0 1305 328678.229 285701.841  13.1%     - 1036s
     0     0 285703.767    0 1321 328678.229 285703.767  13.1%     - 1043s
     0     0 285704.139    0 1319 328678.229 285704.139  13.1%     - 1046s
     0     0 285704.291    0 1333 328678.229 285704.291  13.1%     - 1048s
     0     0 285723.254    0 1280 328678.229 285723.254  13.1%     - 1079s
     0     0 285728.850    0 1295 328678.229 285728.850  13.1%     - 1090s
     0     0 285730.644    0 1301 328678.229 285730.644  13.1%     - 1097s
     0     0 285730.923    0 1322 328678.229 285730.923  13.1%     - 1099s
     0     0 285737.020    0 1299 328678.229 285737.020  13.1%     - 1115s
     0     0 285737.922    0 1305 328678.229 285737.922  13.1%     - 1121s
     0     0 285738.152    0 1315 328678.229 285738.152  13.1%     - 1124s
     0     0 285740.708    0 1322 328678.229 285740.708  13.1%     - 1136s
     0     0 285741.304    0 1352 328678.229 285741.304  13.1%     - 1140s
     0     0 285741.457    0 1341 328678.229 285741.457  13.1%     - 1143s
     0     0 285743.490    0 1311 328678.229 285743.490  13.1%     - 1152s
     0     0 285745.110    0 1315 328678.229 285745.110  13.1%     - 1158s
     0     0 285745.557    0 1318 328678.229 285745.557  13.1%     - 1160s
     0     0 285745.629    0 1325 328678.229 285745.629  13.1%     - 1162s
     0     0 285747.611    0 1318 328678.229 285747.611  13.1%     - 1172s
     0     0 285748.214    0 1318 328678.229 285748.214  13.1%     - 1176s
     0     0 285748.261    0 1336 328678.229 285748.261  13.1%     - 1178s
     0     0 285752.779    0 1329 328678.229 285752.779  13.1%     - 1190s
     0     0 285753.894    0 1337 328678.229 285753.894  13.1%     - 1197s
     0     0 285754.094    0 1337 328678.229 285754.094  13.1%     - 1200s
     0     0 285755.347    0 1346 328678.229 285755.347  13.1%     - 1210s
     0     0 285755.724    0 1326 328678.229 285755.724  13.1%     - 1214s
     0     0 285755.841    0 1353 328678.229 285755.841  13.1%     - 1216s
     0     0 285758.983    0 1342 328678.229 285758.983  13.1%     - 1228s
     0     0 285760.108    0 1321 328678.229 285760.108  13.1%     - 1234s
     0     0 285760.291    0 1352 328678.229 285760.291  13.1%     - 1236s
     0     0 285762.260    0 1334 328678.229 285762.260  13.1%     - 1247s
     0     0 285762.940    0 1349 328678.229 285762.940  13.1%     - 1586s
     0     0 285763.306    0 1363 328678.229 285763.306  13.1%     - 1589s
     0     0 285763.321    0 1348 328678.229 285763.321  13.1%     - 1589s
     0     0 285767.736    0 1325 328678.229 285767.736  13.1%     - 1601s
     0     0 285769.844    0 1378 328678.229 285769.844  13.1%     - 1646s
     0     0 285770.054    0 1373 328678.229 285770.054  13.1%     - 1649s
     0     0 285780.040    0 1357 328678.229 285780.040  13.1%     - 1665s
     0     0 285781.137    0 1382 328678.229 285781.137  13.1%     - 1675s
     0     0 285781.398    0 1378 328678.229 285781.398  13.1%     - 1678s
     0     0 285787.340    0 1365 328678.229 285787.340  13.0%     - 1694s
     0     0 285790.183    0 1378 328678.229 285790.183  13.0%     - 1703s
     0     0 285790.560    0 1385 328678.229 285790.560  13.0%     - 1705s
     0     0 285790.587    0 1389 328678.229 285790.587  13.0%     - 1706s
     0     0 285794.085    0 1367 328678.229 285794.085  13.0%     - 1718s
     0     0 285794.700    0 1374 328678.229 285794.700  13.0%     - 1723s
     0     0 285794.837    0 1381 328678.229 285794.837  13.0%     - 1724s
     0     0 285795.579    0 1391 328678.229 285795.579  13.0%     - 1733s
     0     0 285796.791    0 1396 328678.229 285796.791  13.0%     - 1740s
     0     0 285797.201    0 1412 328678.229 285797.201  13.0%     - 1743s
     0     0 285797.227    0 1423 328678.229 285797.227  13.0%     - 1744s
     0     0 285798.779    0 1380 328678.229 285798.779  13.0%     - 1755s
     0     0 285798.880    0 1379 328678.229 285798.880  13.0%     - 1758s
     0     2 285798.908    0 1379 328678.229 285798.908  13.0%     - 1985s
     1     3 285824.946    1 1346 328678.229 285798.908  13.0%  4766 2012s
     2     4 285813.888    1 1337 328678.229 285813.888  13.0%  3850 2033s
     3     7 285843.434    2 1367 328678.229 285813.904  13.0%  3174 2058s
     6    13 285840.580    3 1349 328678.229 285813.904  13.0%  3196 2144s
    12    22 285840.308    4 1364 328678.229 285833.334  13.0%  3996 2247s
    21    31 285877.827    4 1370 328678.229 285833.334  13.0%  5699 2389s
    30    56 285872.852    5 1377 328678.229 285840.355  13.0%  5520 7200s

Cutting planes:
  Learned: 1
  Gomory: 27
  Lift-and-project: 5
  Cover: 215
  Implied bound: 2458
  Clique: 12
  MIR: 1977
  StrongCG: 1
  Flow cover: 1186
  GUB cover: 103
  RLT: 43
  Relax-and-lift: 955
  BQP: 9

Explored 55 nodes (3272120 simplex iterations) in 7200.40 seconds (8934.85 work units)
Thread count was 32 (of 64 available processors)

Solution count 1: 328678 

Time limit reached
Best objective 3.286782293452e+05, best bound 2.858403554440e+05, gap 13.0334%

User-callback calls 4829187, time in user-callback 0.14 sec

Gurobi 12.0.3 (linux64, C++) logging started Thu Nov 20 15:04:30 2025

Set parameter LicenseID to value 2723399
Set parameter TimeLimit to value 7200
Set parameter MIPGap to value 0
Set parameter LogFile to value "two_index_formulation_original.log"
Gurobi Optimizer version 12.0.3 build v12.0.3rc0 (linux64 - "Ubuntu 24.04.2 LTS")

CPU model: AMD Ryzen Threadripper 7970X 32-Cores, instruction set [SSE2|AVX|AVX2|AVX512]
Thread count: 32 physical cores, 64 logical processors, using up to 32 threads

Non-default parameters:
TimeLimit  7200
MIPGap  0

Optimize a model with 2300101 rows, 3346462 columns and 24590257 nonzeros
Model fingerprint: 0xddccc1c7
Variable types: 2231326 continuous, 1115136 integer (1115136 binary)
Coefficient statistics:
  Matrix range     [1e+00, 2e+03]
  Objective range  [1e+00, 1e+04]
  Bounds range     [1e+00, 2e+03]
  RHS range        [1e+00, 5e+02]

User MIP start produced solution with objective 1.04249e+06 (2.99s)
Loaded user MIP start with objective 1.04249e+06
Processed MIP start in 3.22 seconds (3.08 work units)

Presolve removed 2269907 rows and 3326820 columns
Presolve time: 2.63s
Presolved: 30194 rows, 19642 columns, 174163 nonzeros
Variable types: 11524 continuous, 8118 integer (8011 binary)
Performing another presolve...
Presolve removed 26585 rows and 16476 columns
Presolve time: 0.53s

Root simplex log...

Iteration    Objective       Primal Inf.    Dual Inf.      Time
       0    1.0374792e+06   2.160218e+04   0.000000e+00      7s

Root relaxation: cutoff, 2170 iterations, 0.02 seconds (0.03 work units)

    Nodes    |    Current Node    |     Objective Bounds      |     Work
 Expl Unexpl |  Obj  Depth IntInf | Incumbent    BestBd   Gap | It/Node Time

     0     0     cutoff    0      1042488.66 1042488.66  0.00%     -    6s

Explored 1 nodes (2170 simplex iterations) in 7.08 seconds (7.61 work units)
Thread count was 32 (of 64 available processors)

Solution count 2: 1.04249e+06 1.04249e+06 

Optimal solution found (tolerance 0.00e+00)
Best objective 1.042488657043e+06, best bound 1.042488657043e+06, gap 0.0000%

User-callback calls 558, time in user-callback 0.00 sec

Gurobi 12.0.3 (linux64, C++) logging started Thu Nov 20 15:04:53 2025

Set parameter LicenseID to value 2723399
Set parameter TimeLimit to value 7200
Set parameter MIPGap to value 0
Set parameter LogFile to value "two_index_formulation_original.log"
Gurobi Optimizer version 12.0.3 build v12.0.3rc0 (linux64 - "Ubuntu 24.04.2 LTS")

CPU model: AMD Ryzen Threadripper 7970X 32-Cores, instruction set [SSE2|AVX|AVX2|AVX512]
Thread count: 32 physical cores, 64 logical processors, using up to 32 threads

Non-default parameters:
TimeLimit  7200
MIPGap  0

Optimize a model with 3344126 rows, 3109988 columns and 24993226 nonzeros
Model fingerprint: 0xa6323f89
Variable types: 2073664 continuous, 1036324 integer (1036324 binary)
Coefficient statistics:
  Matrix range     [1e+00, 4e+03]
  Objective range  [1e+00, 1e+04]
  Bounds range     [1e+00, 4e+03]
  RHS range        [1e+00, 5e+02]

User MIP start produced solution with objective 309299 (3.36s)
Loaded user MIP start with objective 309299
Processed MIP start in 3.71 seconds (3.94 work units)

Presolve removed 2796359 rows and 2710028 columns (presolve time = 5s)...
Presolve removed 2796359 rows and 2710028 columns
Presolve time: 5.24s
Presolved: 547767 rows, 399960 columns, 3444801 nonzeros
Variable types: 254950 continuous, 145010 integer (144962 binary)
Performing another presolve...
Presolve removed 1384 rows and 570 columns (presolve time = 5s)...
Presolve removed 38572 rows and 1474 columns (presolve time = 10s)...
Presolve removed 42323 rows and 6340 columns (presolve time = 15s)...
Presolve removed 42323 rows and 6340 columns (presolve time = 20s)...
Presolve removed 42430 rows and 6340 columns
Presolve time: 20.56s
Deterministic concurrent LP optimizer: primal simplex, dual simplex, and barrier
Showing barrier log only...

Root barrier log...

Elapsed ordering time = 5s
Elapsed ordering time = 10s
Elapsed ordering time = 15s
Elapsed ordering time = 20s
Elapsed ordering time = 25s
Ordering time: 30.39s

Barrier statistics:
 Dense cols : 3330
 AA' NZ     : 2.651e+07
 Factor NZ  : 1.366e+08 (roughly 1.5 GB of memory)
 Factor Ops : 2.257e+11 (less than 1 second per iteration)
 Threads    : 30

                  Objective                Residual
Iter       Primal          Dual         Primal    Dual     Compl     Time
   0   2.03132246e+09 -3.43571454e+09  2.23e+06 5.22e+00  2.95e+05    70s
   1   1.87303129e+09 -3.42678623e+09  2.02e+06 7.31e+01  2.68e+05    71s
   2   1.42445673e+09 -3.37687070e+09  1.57e+06 5.41e+01  2.09e+05    71s
   3   9.39615427e+08 -3.32640247e+09  1.05e+06 4.41e+01  1.46e+05    72s
   4   6.69667090e+08 -3.20199222e+09  7.63e+05 3.12e+01  1.07e+05    72s
   5   4.66746484e+08 -3.05946729e+09  5.37e+05 2.21e+01  7.61e+04    73s
   6   3.13729597e+08 -2.48884215e+09  3.65e+05 4.38e+00  5.19e+04    74s
   7   5.32466872e+07 -1.79727776e+09  6.16e+04 2.99e-10  9.61e+03    74s
   8   2.90600737e+07 -5.83568069e+08  3.34e+04 4.13e-10  4.56e+03    75s
   9   7.76931229e+06 -3.30111299e+08  8.50e+03 1.74e-10  1.25e+03    75s
  10   4.75634341e+06 -2.07167368e+08  5.00e+03 9.90e-11  7.04e+02    76s
  11   3.00938625e+06 -1.46929398e+08  2.99e+03 6.82e-11  4.21e+02    76s
  12   2.50948261e+06 -1.33475199e+08  2.43e+03 5.93e-11  3.49e+02    77s
  13   1.93044554e+06 -9.79230887e+07  1.78e+03 4.67e-11  2.46e+02    77s
  14   1.74843646e+06 -8.72277040e+07  1.57e+03 4.20e-11  2.15e+02    78s
  15   1.56649995e+06 -6.76761722e+07  1.36e+03 3.02e-11  1.75e+02    78s
  16   1.03002992e+06 -5.24638890e+07  7.04e+02 2.11e-11  1.02e+02    79s
  17   9.11046063e+05 -2.83043325e+07  4.81e+02 7.49e-12  6.05e+01    79s
  18   7.47306657e+05 -1.50137445e+07  1.42e+02 3.48e-12  2.26e+01    80s
  19   7.04229553e+05 -1.05650072e+07  8.10e+01 2.55e-12  1.42e+01    81s
  20   6.99323604e+05 -9.64381153e+06  7.45e+01 2.01e-12  1.29e+01    81s
  21   6.85155850e+05 -8.08108268e+06  5.62e+01 1.89e-12  1.02e+01    82s
  22   6.74513465e+05 -6.31803033e+06  4.37e+01 1.71e-12  7.79e+00    82s
  23   6.56651241e+05 -4.91720573e+06  2.62e+01 1.12e-12  5.57e+00    83s
  24   6.42363697e+05 -2.79023623e+06  1.78e+01 1.02e-12  3.29e+00    83s
  25   6.18017616e+05 -1.60349081e+06  8.65e+00 1.07e-12  1.95e+00    84s
  26   5.97821733e+05 -1.10347361e+06  5.59e+00 9.67e-13  1.45e+00    84s
  27   5.83778961e+05 -8.11088250e+05  4.24e+00 9.99e-13  1.16e+00    85s
  28   5.74982909e+05 -6.12426279e+05  3.68e+00 7.39e-13  9.85e-01    85s
  29   5.53831139e+05 -5.12793267e+05  2.91e+00 9.66e-13  8.75e-01    86s
  30   5.32508293e+05 -2.75510790e+05  2.06e+00 1.53e-12  6.54e-01    86s
  31   5.18179082e+05 -1.21114772e+05  1.77e+00 8.03e-13  5.16e-01    87s
  32   4.83789718e+05 -3.37019772e+04  1.10e+00 7.24e-13  4.13e-01    88s
  33   4.61197658e+05  6.83842087e+04  8.37e-01 1.13e-12  3.12e-01    88s
  34   4.37531979e+05  1.39831516e+05  6.37e-01 1.09e-12  2.36e-01    89s
  35   4.24161267e+05  1.76029085e+05  5.62e-01 9.03e-13  1.96e-01    89s
  36   3.96458673e+05  2.14133641e+05  4.21e-01 6.45e-13  1.44e-01    90s
  37   3.78609067e+05  2.36079343e+05  3.38e-01 9.89e-13  1.13e-01    91s
  38   3.53582634e+05  2.51150328e+05  2.24e-01 1.07e-12  8.08e-02    91s
  39   3.38064140e+05  2.62087955e+05  1.60e-01 9.06e-13  5.98e-02    92s
  40   3.23445721e+05  2.73208330e+05  9.95e-02 1.16e-12  3.95e-02    93s
  41   3.19409030e+05  2.80022917e+05  8.35e-02 9.43e-13  3.10e-02    93s
  42   3.12164315e+05  2.81865888e+05  5.58e-02 1.17e-12  2.38e-02    94s
  43   3.07414926e+05  2.84677320e+05  3.75e-02 1.01e-12  1.78e-02    94s
  44   3.04384375e+05  2.88049363e+05  2.59e-02 9.86e-13  1.28e-02    95s
  45   3.01850987e+05  2.90430964e+05  1.67e-02 7.61e-13  8.94e-03    96s
  46   3.00242309e+05  2.93021002e+05  1.11e-02 1.10e-12  5.66e-03    96s
  47   2.99320456e+05  2.94154110e+05  7.97e-03 1.12e-12  4.05e-03    97s
  48   2.98441195e+05  2.95049768e+05  5.01e-03 1.18e-12  2.66e-03    97s
  49   2.97957284e+05  2.95635461e+05  3.42e-03 1.10e-12  1.82e-03    98s
  50   2.97676604e+05  2.95921346e+05  2.48e-03 1.02e-12  1.37e-03    98s
  51   2.97480875e+05  2.96343910e+05  1.87e-03 8.12e-13  8.91e-04    99s
  52   2.97252029e+05  2.96540031e+05  1.19e-03 1.47e-12  5.58e-04    99s
  53   2.97124400e+05  2.96650530e+05  8.01e-04 1.62e-12  3.72e-04   100s
  54   2.97002202e+05  2.96660709e+05  4.43e-04 1.14e-12  2.67e-04   100s
  55   2.96932929e+05  2.96730797e+05  2.25e-04 1.82e-12  1.58e-04   101s
  56   2.96888269e+05  2.96789269e+05  9.74e-05 1.50e-12  7.72e-05   102s
  57   2.96877094e+05  2.96809514e+05  6.69e-05 1.33e-12  5.27e-05   102s
  58   2.96869817e+05  2.96826077e+05  4.75e-05 1.23e-12  3.42e-05   102s
  59   2.96863756e+05  2.96835935e+05  3.16e-05 1.41e-12  2.17e-05   103s
  60   2.96854876e+05  2.96844399e+05  9.03e-06 6.98e-13  8.17e-06   103s
  61   2.96851991e+05  2.96849481e+05  1.95e-06 1.30e-12  1.96e-06   104s
  62   2.96851142e+05  2.96850762e+05  2.05e-07 1.12e-12  2.96e-07   104s
  63   2.96851044e+05  2.96851027e+05  2.58e-08 1.66e-12  1.28e-08   105s
  64   2.96851039e+05  2.96851033e+05  4.02e-07 1.74e-12  4.58e-09   105s
  65   2.96851034e+05  2.96851033e+05  3.75e-07 3.37e-12  3.58e-10   106s

Barrier solved model in 65 iterations and 105.96 seconds (225.48 work units)
Optimal objective 2.96851034e+05


Root crossover log...

  248403 DPushes remaining with DInf 0.0000000e+00               106s
    7661 DPushes remaining with DInf 0.0000000e+00               128s
       0 DPushes remaining with DInf 0.0000000e+00               128s

     714 PPushes remaining with PInf 3.1110877e-05               128s
       0 PPushes remaining with PInf 0.0000000e+00               129s

  Push phase complete: Pinf 0.0000000e+00, Dinf 1.0185056e-09    129s


Root simplex log...

Iteration    Objective       Primal Inf.    Dual Inf.      Time
   79825    2.9685103e+05   0.000000e+00   0.000000e+00    129s
Concurrent spin time: 31.38s (can be avoided by choosing Method=3)

Solved with barrier
   79825    2.9685103e+05   0.000000e+00   0.000000e+00    160s

Root relaxation: objective 2.968510e+05, 79825 iterations, 127.75 seconds (226.25 work units)
Total elapsed time = 160.51s (DegenMoves)

    Nodes    |    Current Node    |     Objective Bounds      |     Work
 Expl Unexpl |  Obj  Depth IntInf | Incumbent    BestBd   Gap | It/Node Time

     0     0 296851.033    0 1082 309299.484 296851.033  4.02%     -  164s
     0     0 296881.463    0 1082 309299.484 296881.463  4.01%     -  174s
     0     0 296881.864    0 1080 309299.484 296881.864  4.01%     -  176s
     0     0 296891.017    0 1083 309299.484 296891.017  4.01%     -  179s
     0     0 296907.940    0 1094 309299.484 296907.940  4.01%     -  185s
     0     0 296922.171    0 1080 309299.484 296922.171  4.00%     -  188s
     0     0 296924.496    0 1083 309299.484 296924.496  4.00%     -  189s
     0     0 297595.110    0 1173 309299.484 297595.110  3.78%     -  507s
     0     0 297596.213    0 1180 309299.484 297596.213  3.78%     -  512s
     0     0 297596.218    0 1178 309299.484 297596.218  3.78%     -  513s
     0     0 297596.242    0 1176 309299.484 297596.242  3.78%     -  514s
     0     0 297596.251    0 1176 309299.484 297596.251  3.78%     -  514s
     0     0 297596.251    0 1176 309299.484 297596.251  3.78%     -  514s
     0     0 297683.500    0 1220 309299.484 297683.500  3.76%     -  958s
     0     0 297684.439    0 1223 309299.484 297684.439  3.76%     -  963s
     0     0 297684.490    0 1231 309299.484 297684.490  3.76%     -  964s
     0     0 297684.490    0 1232 309299.484 297684.490  3.76%     -  965s
     0     0 297684.490    0 1231 309299.484 297684.490  3.76%     -  965s
     0     0 297692.933    0 1248 309299.484 297692.933  3.75%     -  985s
     0     0 297693.865    0 1250 309299.484 297693.865  3.75%     -  992s
     0     0 297693.884    0 1250 309299.484 297693.884  3.75%     -  993s
     0     0 297878.675    0 1241 309299.484 297878.675  3.69%     - 1127s
     0     0 297879.256    0 1238 309299.484 297879.256  3.69%     - 1130s
     0     0 297894.760    0 1270 309299.484 297894.760  3.69%     - 1160s
     0     0 297894.768    0 1269 309299.484 297894.768  3.69%     - 1161s
     0     0 297895.773    0 1273 309299.484 297895.773  3.69%     - 1168s
     0     0 297895.846    0 1275 309299.484 297895.846  3.69%     - 1170s
     0     0 298119.665    0 1292 309299.484 298119.665  3.61%     - 1425s
     0     0 298119.759    0 1298 309299.484 298119.759  3.61%     - 1426s
     0     0 298119.776    0 1290 309299.484 298119.776  3.61%     - 1428s
     0     0 298119.921    0 1292 309299.484 298119.921  3.61%     - 1429s
     0     0 298147.160    0 1308 309299.484 298147.160  3.61%     - 1473s
     0     0 298149.547    0 1316 309299.484 298149.547  3.60%     - 1486s
     0     0 298149.958    0 1313 309299.484 298149.958  3.60%     - 1491s
     0     0 298150.019    0 1320 309299.484 298150.019  3.60%     - 1494s
     0     0 298171.825    0 1268 309299.484 298171.825  3.60%     - 1546s
     0     0 298172.037    0 1266 309299.484 298172.037  3.60%     - 1548s
     0     0 298172.039    0 1268 309299.484 298172.039  3.60%     - 1549s
     0     0 298175.538    0 1277 309299.484 298175.538  3.60%     - 1572s
     0     0 298175.622    0 1270 309299.484 298175.622  3.60%     - 1573s
     0     0 298175.629    0 1267 309299.484 298175.629  3.60%     - 1574s
     0     0 298175.695    0 1276 309299.484 298175.695  3.60%     - 1576s
     0     0 298177.729    0 1281 309299.484 298177.729  3.60%     - 1589s
     0     0 298178.483    0 1271 309299.484 298178.483  3.60%     - 1598s
     0     0 298178.532    0 1283 309299.484 298178.532  3.60%     - 1602s
     0     0 298185.850    0 1254 309299.484 298185.850  3.59%     - 1629s
     0     0 298186.026    0 1264 309299.484 298186.026  3.59%     - 1633s
     0     0 298186.765    0 1294 309299.484 298186.765  3.59%     - 1642s
     0     0 298186.768    0 1295 309299.484 298186.768  3.59%     - 1643s
     0     0 298186.768    0 1294 309299.484 298186.768  3.59%     - 1643s
     0     0 298186.775    0 1288 309299.484 298186.775  3.59%     - 1644s
     0     0 298186.778    0 1289 309299.484 298186.778  3.59%     - 1645s
     0     0 298186.778    0 1288 309299.484 298186.778  3.59%     - 1645s
     0     0 298186.778    0 1288 309299.484 298186.778  3.59%     - 1645s
     0     0 298186.851    0 1301 309299.484 298186.851  3.59%     - 1648s
     0     0 298186.853    0 1304 309299.484 298186.853  3.59%     - 1649s
     0     0 298190.151    0 1258 309299.484 298190.151  3.59%     - 1658s
     0     0 298191.441    0 1252 309299.484 298191.441  3.59%     - 1662s
     0     0 298192.272    0 1262 309299.484 298192.272  3.59%     - 1667s
     0     0 298192.279    0 1265 309299.484 298192.279  3.59%     - 1668s
     0     0 298193.403    0 1265 309299.484 298193.403  3.59%     - 1674s
     0     0 298193.418    0 1264 309299.484 298193.418  3.59%     - 1675s
     0     0 298193.419    0 1262 309299.484 298193.419  3.59%     - 1676s
     0     0 298193.467    0 1270 309299.484 298193.467  3.59%     - 1679s
     0     0 298193.486    0 1264 309299.484 298193.486  3.59%     - 1680s
     0     0 298193.491    0 1263 309299.484 298193.491  3.59%     - 1680s
     0     0 298194.963    0 1268 309299.484 298194.963  3.59%     - 1686s
     0     0 298195.451    0 1272 309299.484 298195.451  3.59%     - 1691s
     0     0 298195.517    0 1283 309299.484 298195.517  3.59%     - 1693s
     0     0 298196.954    0 1263 309299.484 298196.954  3.59%     - 1699s
     0     0 298196.954    0 1263 309299.484 298196.954  3.59%     - 1700s
     0     0 298196.956    0 1264 309299.484 298196.956  3.59%     - 1701s
     0     0 298197.294    0 1269 309299.484 298197.294  3.59%     - 1706s
     0     0 298197.309    0 1270 309299.484 298197.309  3.59%     - 1707s
     0     0 298198.187    0 1274 309299.484 298198.187  3.59%     - 1712s
     0     0 298198.237    0 1273 309299.484 298198.237  3.59%     - 1712s
     0     0 298198.254    0 1270 309299.484 298198.254  3.59%     - 1713s
     0     0 298198.361    0 1274 309299.484 298198.361  3.59%     - 1717s
     0     0 298198.911    0 1251 309299.484 298198.911  3.59%     - 1722s
     0     0 298198.922    0 1257 309299.484 298198.922  3.59%     - 1723s
     0     0 298198.922    0 1250 309299.484 298198.922  3.59%     - 1724s
     0     0 298199.206    0 1250 309299.484 298199.206  3.59%     - 1726s
     0     0 298199.206    0 1253 309299.484 298199.206  3.59%     - 1728s
     0     0 298199.206    0 1255 309299.484 298199.206  3.59%     - 1729s
     0     0 298199.206    0 1253 309299.484 298199.206  3.59%     - 1731s
     0     0 298199.206    0 1253 309299.484 298199.206  3.59%     - 1732s
     0     0 298200.136    0 1251 309299.484 298200.136  3.59%     - 1737s
     0     2 298304.174    0 1251 309299.484 298304.174  3.55%     - 1869s
     1     4 298304.174    1 1238 309299.484 298304.174  3.55%  1408 1883s
     2     6 298304.174    2 1273 309299.484 298304.174  3.55%   999 1897s
     4     7 298304.174    3 1253 309299.484 298304.174  3.55%  2494 1964s
     6    13 298304.174    3 1265 309299.484 298304.174  3.55%  2799 2016s
    12    25 298304.174    4 1246 309299.484 298304.174  3.55%  2683 2068s
    24    49 298304.174    5 1244 309299.484 298304.174  3.55%  2657 2176s
    48    81 298307.536    6 1246 309299.484 298304.174  3.55%  2836 2346s
    80   158 298315.604    7 1259 309299.484 298304.174  3.55%  2690 2511s
   157   189 298322.340    9 1243 309299.484 298304.174  3.55%  1822 2721s
   188   218 298331.717    9 1243 309299.484 298304.174  3.55%  1668 3201s
   217   249 298342.155   10 1239 309299.484 298304.174  3.55%  1561 3593s
   248   279 298323.976   10 1243 309299.484 298304.174  3.55%  1546 3880s
   278   305 298342.731   11 1244 309299.484 298304.174  3.55%  1550 4344s
   304   336 298368.983   11 1235 309299.484 298304.174  3.55%  1624 4707s
   337   366 298869.855   12 1231 309299.484 298304.174  3.55%  1628 5078s
   367   395 298370.187   12 1260 309299.484 298304.174  3.55%  1620 5362s
   396   426 298427.223   17 1261 309299.484 298304.174  3.55%  1608 5689s
   421   426 298907.071   16 1251 309299.484 298304.174  3.55%  1622 5690s
   427   456 298421.720   13 1268 309299.484 298304.174  3.55%  1624 6000s
   459   486 298424.490   14 1261 309299.484 298304.174  3.55%  1646 6248s
   489   516 298427.797   15 1252 309299.484 298304.174  3.55%  1668 6592s
   519   549 298433.913   16 1248 309299.484 298304.174  3.55%  1686 6852s
   552   581 298440.348   17 1252 309299.484 298304.174  3.55%  1676 7200s

Cutting planes:
  Learned: 2
  Gomory: 41
  Lift-and-project: 2
  Cover: 100
  Implied bound: 2203
  Clique: 18
  MIR: 410
  StrongCG: 1
  Flow cover: 321
  GUB cover: 68
  Network: 1
  RLT: 53
  Relax-and-lift: 308
  BQP: 5

Explored 584 nodes (1207986 simplex iterations) in 7201.00 seconds (9785.61 work units)
Thread count was 32 (of 64 available processors)

Solution count 2: 309299 309299 

Time limit reached
Best objective 3.092994837786e+05, best bound 2.983041740844e+05, gap 3.5549%

User-callback calls 2340138, time in user-callback 0.15 sec

Gurobi 12.0.3 (linux64, C++) logging started Thu Nov 20 17:05:13 2025

Set parameter LicenseID to value 2723399
Set parameter TimeLimit to value 7200
Set parameter MIPGap to value 0
Set parameter LogFile to value "two_index_formulation_original.log"
Gurobi Optimizer version 12.0.3 build v12.0.3rc0 (linux64 - "Ubuntu 24.04.2 LTS")

CPU model: AMD Ryzen Threadripper 7970X 32-Cores, instruction set [SSE2|AVX|AVX2|AVX512]
Thread count: 32 physical cores, 64 logical processors, using up to 32 threads

Non-default parameters:
TimeLimit  7200
MIPGap  0

Optimize a model with 1516947 rows, 2117638 columns and 15669181 nonzeros
Model fingerprint: 0x5bd14087
Variable types: 1412038 continuous, 705600 integer (705600 binary)
Coefficient statistics:
  Matrix range     [1e+00, 2e+03]
  Objective range  [1e+00, 1e+04]
  Bounds range     [1e+00, 2e+03]
  RHS range        [1e+00, 4e+02]

User MIP start produced solution with objective 519810 (2.16s)
Loaded user MIP start with objective 519810
Processed MIP start in 2.34 seconds (1.94 work units)

Presolve removed 1445359 rows and 2068236 columns
Presolve time: 2.63s
Presolved: 71588 rows, 49402 columns, 446606 nonzeros
Variable types: 29930 continuous, 19472 integer (19380 binary)
Performing another presolve...
Presolve removed 8281 rows and 2015 columns
Presolve time: 1.51s
Deterministic concurrent LP optimizer: primal and dual simplex
Showing primal log only...


Root simplex log...

Iteration    Objective       Primal Inf.    Dual Inf.      Time
       0    3.5841558e+05   2.402619e+04   1.476970e+10      7s
   42611    9.3261868e+05   1.117582e+02   8.939247e+09     10s
Concurrent spin time: 0.00s

Solved with dual simplex

Root simplex log...

Iteration    Objective       Primal Inf.    Dual Inf.      Time
   37708    5.1567741e+05   0.000000e+00   0.000000e+00     11s

Root relaxation: objective 5.156774e+05, 37708 iterations, 3.82 seconds (7.93 work units)
Total elapsed time = 10.83s (DegenMoves)

    Nodes    |    Current Node    |     Objective Bounds      |     Work
 Expl Unexpl |  Obj  Depth IntInf | Incumbent    BestBd   Gap | It/Node Time

     0     0 515677.411    0  585 519809.680 515677.411  0.79%     -   11s
     0     0 515688.858    0  569 519809.680 515688.858  0.79%     -   11s
     0     0 516181.549    0  588 519809.680 516181.549  0.70%     -   14s
     0     0 516181.549    0  605 519809.680 516181.549  0.70%     -   18s
     0     0 516327.953    0  634 519809.680 516327.953  0.67%     -   21s
     0     0 516390.664    0  673 519809.680 516390.664  0.66%     -   22s
     0     0 516395.396    0  684 519809.680 516395.396  0.66%     -   22s
     0     0 516396.463    0  683 519809.680 516396.463  0.66%     -   22s
     0     0 516396.869    0  687 519809.680 516396.869  0.66%     -   22s
     0     0 516396.944    0  689 519809.680 516396.944  0.66%     -   22s
     0     0 516396.962    0  695 519809.680 516396.962  0.66%     -   22s
     0     0 516659.649    0  645 519809.680 516659.649  0.61%     -   24s
     0     0 516687.330    0  681 519809.680 516687.330  0.60%     -   25s
     0     0 516692.595    0  655 519809.680 516692.595  0.60%     -   25s
     0     0 516693.065    0  660 519809.680 516693.065  0.60%     -   26s
     0     0 516693.597    0  678 519809.680 516693.597  0.60%     -   26s
     0     0 516693.778    0  667 519809.680 516693.778  0.60%     -   26s
     0     0 516693.779    0  668 519809.680 516693.779  0.60%     -   26s
     0     0 516833.418    0  671 519809.680 516833.418  0.57%     -   28s
     0     0 516849.023    0  658 519809.680 516849.023  0.57%     -   29s
     0     0 516851.341    0  659 519809.680 516851.341  0.57%     -   29s
     0     0 516851.881    0  662 519809.680 516851.881  0.57%     -   29s
     0     0 516852.342    0  673 519809.680 516852.342  0.57%     -   29s
     0     0 516852.411    0  678 519809.680 516852.411  0.57%     -   29s
     0     0 516911.702    0  634 519809.680 516911.702  0.56%     -   31s
     0     0 516914.680    0  602 519809.680 516914.680  0.56%     -   31s
     0     0 516915.465    0  648 519809.680 516915.465  0.56%     -   31s
     0     0 516915.547    0  611 519809.680 516915.547  0.56%     -   31s
     0     0 516925.433    0  685 519809.680 516925.433  0.55%     -   32s
     0     0 516929.840    0  701 519809.680 516929.840  0.55%     -   33s
     0     0 516930.371    0  700 519809.680 516930.371  0.55%     -   33s
     0     0 516930.671    0  691 519809.680 516930.671  0.55%     -   33s
     0     0 516930.703    0  702 519809.680 516930.703  0.55%     -   33s
     0     0 516933.530    0  673 519809.680 516933.530  0.55%     -   34s
     0     0 516934.073    0  689 519809.680 516934.073  0.55%     -   44s
     0     0 516934.139    0  691 519809.680 516934.139  0.55%     -   44s
     0     0 516941.166    0  706 519809.680 516941.166  0.55%     -   45s
     0     0 516942.823    0  688 519809.680 516942.823  0.55%     -   46s
     0     0 516943.081    0  720 519809.680 516943.081  0.55%     -   46s
     0     0 516943.101    0  727 519809.680 516943.101  0.55%     -   46s
     0     0 516957.497    0  722 519809.680 516957.497  0.55%     -   47s
     0     0 516958.891    0  704 519809.680 516958.891  0.55%     -   48s
     0     0 516959.083    0  719 519809.680 516959.083  0.55%     -   48s
     0     0 516962.216    0  680 519809.680 516962.216  0.55%     -   49s
     0     0 516963.206    0  669 519809.680 516963.206  0.55%     -   50s
     0     0 516963.541    0  660 519809.680 516963.541  0.55%     -   50s
     0     0 516963.656    0  692 519809.680 516963.656  0.55%     -   50s
     0     0 516965.306    0  671 519809.680 516965.306  0.55%     -   51s
     0     0 516965.542    0  683 519809.680 516965.542  0.55%     -   51s
     0     0 516965.682    0  687 519809.680 516965.682  0.55%     -   51s
     0     0 516967.761    0  668 519809.680 516967.761  0.55%     -   52s
     0     0 516968.574    0  732 519809.680 516968.574  0.55%     -   52s
     0     0 516968.659    0  731 519809.680 516968.659  0.55%     -   52s
     0     0 516970.052    0  731 519809.680 516970.052  0.55%     -   53s
     0     0 516970.163    0  753 519809.680 516970.163  0.55%     -   53s
     0     0 516970.649    0  746 519809.680 516970.649  0.55%     -   54s
     0     0 516971.755    0  727 519809.680 516971.755  0.55%     -   54s
     0     2 516977.933    0  726 519809.680 516977.933  0.54%     -   58s
     7    16 516986.696    3  674 519809.680 516982.798  0.54%  1312   60s
    95   162 517029.400    7  750 519809.680 517010.181  0.54%  1191   65s
   271   316 517061.912   11  725 519809.680 517010.181  0.54%   832   70s
   438   426 517143.388   14  667 519809.680 517010.181  0.54%   860   75s
   589   503 517228.458   18  682 519809.680 517010.181  0.54%   868   80s
   781   735 517297.794   23  688 519809.680 517015.489  0.54%   870   85s
  1004  1043 517310.163   26  668 519809.680 517015.489  0.54%   798   90s
  1396  1265 517368.965   34  697 519809.680 517015.489  0.54%   699   96s
  1430  1300 517363.020   35  699 519809.680 517015.489  0.54%   695  100s
  1465  1335 517364.649   35  669 519809.680 517015.489  0.54%   690  105s
  1500  1369 517385.624   36  682 519809.680 517015.489  0.54%   686  110s
  1567  1439 517371.812   37  675 519809.680 517015.489  0.54%   678  119s
  1604  1476 517490.862   37  675 519809.680 517015.489  0.54%   673  123s
  1641  1509 517374.926   38  666 519809.680 517015.489  0.54%   666  128s
  1678  1546 517381.391   39  666 519809.680 517015.489  0.54%   664  134s
  1717  1579 517385.944   39  651 519809.680 517015.489  0.54%   658  136s
  1793  1644 517384.672   41  669 519809.680 517017.434  0.54%   652  140s
  1871  1718 517398.593   43  686 519809.680 517019.708  0.54%   646  145s
  1952  1796 517409.420   45  683 519809.680 517019.708  0.54%   640  150s
  2029  1871 517410.889   47  674 519809.680 517019.708  0.54%   630  156s
  2068  1907 517675.219   47  636 519809.680 517019.708  0.54%   628  165s
  2104  1950 517622.668   48  624 519809.680 517019.708  0.54%   625  171s
  2188  2026 517624.782   50  614 519809.680 517019.708  0.54%   617  179s
  2225  2076 517638.955   51  618 519809.680 517019.708  0.54%   615  187s
  2275  2133 517645.652   52  606 519809.680 517019.708  0.54%   610  192s
  2332  2165 517648.577   52  609 519809.680 517019.708  0.54%   603  199s
  2364  2258 517658.356   53  617 519809.680 517019.708  0.54%   599  202s
  2461  2289 517655.973   53  611 519809.680 517019.708  0.54%   590  206s
  2556  2424 517672.106   55  632 519809.680 517019.708  0.54%   582  212s
  2649  2521 517677.936   56  639 519809.680 517019.708  0.54%   576  215s
  2939  2816 517766.404   59  623 519809.680 517019.708  0.54%   561  221s
  3111  3036 517840.322   74  556 519809.680 517022.536  0.54%   556  225s
  3352  3342 517859.676   82  549 519809.680 517022.536  0.54%   548  230s
  3674  3665 517972.848   98  506 519809.680 517022.536  0.54%   535  235s
  4052  3992 infeasible  105      519809.680 517023.490  0.54%   521  243s
  4473  4407 517103.149   12  621 519809.680 517023.490  0.54%   509  250s
  4944  4943 517234.413   25  609 519809.680 517023.490  0.54%   498  257s
  5547  5477 517316.025   34  602 519809.680 517023.490  0.54%   479  264s
  6128  5478 517247.042   39 6140 519809.680 517023.490  0.54%   467  277s
  6130  5479 517716.010   89  571 519809.680 517023.490  0.54%   467  289s
  6131  5480 518416.831   70  687 519809.680 517023.490  0.54%   467  292s
  6132  5481 517571.861   49  679 519809.680 517023.490  0.54%   467  295s
  6139  5485 518285.844   90  731 519809.680 517049.680  0.53%   466  300s
  6145  5489 517523.168   59  762 519809.680 517087.121  0.52%   466  305s
  6152  5494 517219.414   26  723 519809.680 517118.448  0.52%   465  310s
  6157  5497 517185.860   16  779 519809.680 517132.221  0.52%   465  315s
  6160  5499 517140.014   10  772 519809.680 517140.014  0.51%   465  321s
  6167  5504 517145.441   20  741 519809.680 517145.441  0.51%   464  326s
  6173  5508 517311.200   28  721 519809.680 517160.486  0.51%   464  330s
  6180  5513 518390.981   97  815 519809.680 517167.319  0.51%   463  335s
  6186  5517 518225.017  149  814 519809.680 517177.451  0.51%   463  340s
  6194  5522 517573.466   50  833 519809.680 517186.980  0.50%   462  346s
  6199  5525 517720.778   81  808 519809.680 517194.786  0.50%   462  351s
  6204  5529 517203.674   14  775 519809.680 517203.674  0.50%   461  355s
  6211  5533 518059.249   68  774 519809.680 517208.123  0.50%   461  360s
  6217  5537 517215.189   17  750 519809.680 517209.464  0.50%   460  365s
  6221  5540 517211.193   32  766 519809.680 517211.193  0.50%   460  378s
  6222  5541 517701.065   61  766 519809.680 517212.104  0.50%   460  383s
  6223  5544 517219.241   14  798 519809.680 517212.104  0.50%   475  391s
  6229  5554 517233.635   16  810 519809.680 517218.054  0.50%   476  397s
  6237  5568 517236.910   17  831 519809.680 517223.099  0.50%   479  400s
  6253  5594 517240.565   18  824 519809.680 517229.726  0.50%   482  405s
  6285  5616 517288.204   19  813 519809.680 517235.085  0.50%   489  410s
  6317  5637 517295.390   20  795 519809.680 517235.085  0.50%   520  418s
  6349  5663 517307.013   21  822 519809.680 517235.085  0.50%   524  425s
  6386  5689 517298.196   21  808 519809.680 517235.085  0.50%   527  432s
  6424  5717 517312.580   22  830 519809.680 517235.085  0.50%   531  438s
  6465  5758 517312.526   22  797 519809.680 517235.085  0.50%   534  444s
  6519  5805 517321.561   23  767 519809.680 517235.085  0.50%   540  452s
  6586  5861 517375.375   23  794 519809.680 517235.085  0.50%   547  460s
  6671  5864 517371.911   24  741 519809.680 517235.085  0.50%   555  466s
  6704  5886 517361.318   25  774 519809.680 517235.085  0.50%   556  473s
  6739  5911 517403.175   25  752 519809.680 517235.085  0.50%   559  479s
  6778  5945 517472.504   26  720 519809.680 517235.085  0.50%   562  492s
  6825  6006 517624.485   26  729 519809.680 517235.085  0.50%   565  505s
  6901  6109 517496.302   27  682 519809.680 517235.085  0.50%   568  519s
  7036  6229 517478.037   27  711 519809.680 517235.085  0.50%   572  533s
  7206  6311 517502.651   28  732 519809.680 517235.085  0.50%   579  549s
  7360  6376 517561.007   30  695 519809.680 517235.085  0.50%   588  561s
  7523  6407 517563.972   32  701 519809.680 517235.085  0.50%   593  573s
  7632  6471 517579.013   33  656 519809.680 517235.085  0.50%   604  584s
  7760  6532 517586.646   35  681 519809.680 517235.085  0.50%   609  593s
  7885  6608 517607.780   37  625 519809.680 517235.085  0.50%   615  603s
  8018  6690 517663.246   38  646 519809.680 517235.085  0.50%   620  613s
  8174  6749 517690.921   40  698 519809.680 517235.085  0.50%   624  623s
  8330  6815 517694.337   42  645 519809.680 517235.085  0.50%   629  634s
  8475  6889 517691.311   45  593 519809.680 517235.085  0.50%   638  648s
  8652  6945 517749.086   47  603 519809.680 517235.085  0.50%   639  661s
  8811  7015 517752.427   48  630 519809.680 517250.537  0.49%   645  673s
  8981  7089 517796.952   51  635 519809.680 517252.534  0.49%   650  686s
  9148  7160     cutoff   56      519809.680 517255.477  0.49%   657  702s
  9344  7255 517312.495   21  781 519809.680 517257.167  0.49%   664  717s
  9579  7475 517510.918   24  700 519809.680 517257.167  0.49%   669  731s
  9911  7677 517656.223   28  753 519809.680 517260.781  0.49%   674  746s
 10261  7847 517832.043   36  739 519809.680 517262.681  0.49%   680  767s
 10650  8016 infeasible   50      519809.680 517262.681  0.49%   688  783s
 11070  8105 517533.134   27  762 519809.680 517262.681  0.49%   693  801s
 11420  8217 518068.228   48  720 519809.680 517263.345  0.49%   701  817s
 11759  8272     cutoff   51      519809.680 517269.922  0.49%   710  836s
 12069  8356 infeasible   54      519809.680 517269.922  0.49%   724  854s
 12278  8593 518212.874   53  740 519809.680 517270.543  0.49%   728  872s
 12670  8611     cutoff   55      519809.680 517270.543  0.49%   736  892s
 12943  8750 infeasible   55      519809.680 517274.166  0.49%   745  911s
 13286  8654 517461.945   28  687 519809.680 517278.698  0.49%   755  925s
 13332  8656 517420.765   27  741 519809.680 517280.553  0.49%   758  942s
 13377  8702 517476.728   29  713 519809.680 517280.553  0.49%   762  958s
 13480  8858 517536.669   30  694 519809.680 517280.553  0.49%   764  976s
 13745  9038 517527.684   29  688 519809.680 517283.973  0.49%   769  996s
 14117  9157 517739.582   34  715 519809.680 517285.113  0.49%   778 1018s
 14549  9387 517714.360   37  641 519809.680 517285.113  0.49%   790 1040s
 15051  9560 518007.719   41  679 519809.680 517285.113  0.49%   797 1063s
 15590  9575 517441.651   26  711 519809.680 517285.113  0.49%   805 1088s
 15907  9772 517645.068   36  684 519809.680 517285.113  0.49%   811 1110s
 16305  9789 517509.097   25  708 519809.680 517285.113  0.49%   813 1133s
 16571  9954 517915.729   32  671 519809.680 517289.024  0.48%   819 1159s
 16961 10191 518162.828   37  668 519809.680 517293.905  0.48%   825 1184s
 17452 10427 517583.507   28  771 519809.680 517293.905  0.48%   825 1207s
 17972 10721 518119.704   45  751 519809.680 517295.154  0.48%   825 1234s
 18575 10751 518743.874   67  719 519809.680 517297.217  0.48%   824 1263s
 18985 11036 517598.360   37  694 519809.680 517297.217  0.48%   834 1295s
 19614 11312 517367.948   24  778 519809.680 517297.217  0.48%   838 1334s
 20319 11506 517700.878   43  633 519809.680 517301.664  0.48%   845 1369s
 21083 11548 infeasible   35      519809.680 517304.431  0.48%   853 1410s
 21534 12173 517526.219   32  717 519809.680 517304.431  0.48%   863 1448s
 22673 11968 517337.942   23  785 519809.680 517309.128  0.48%   858 1483s
 22926 12440 517341.133   28  807 519809.680 517309.128  0.48%   859 1536s
 23624 13008 517755.475   92  483 519809.680 517309.128  0.48%   861 1589s
 24561 13778 518409.323  171  318 519809.680 517312.617  0.48%   865 1630s
 25529 14556 517513.452   25  724 519809.680 517312.617  0.48%   870 1672s
 26565 15662 518564.699   53  610 519809.680 517317.325  0.48%   876 1717s
 28038 16821 517646.365   56  645 519809.680 517319.593  0.48%   868 1765s
 29614 18000 517427.249   44  625 519809.680 517322.072  0.48%   856 1832s
 31362 18276 518327.030  129  530 519809.680 517324.257  0.48%   849 1869s
 31902 18742 517530.176   26  714 519809.680 517324.257  0.48%   852 1914s
 32583 19552 517990.390   51  678 519809.680 517328.027  0.48%   856 1962s
 33782 20266 infeasible   67      519809.680 517329.126  0.48%   858 2008s
 34794 21221 518421.435   87  503 519809.680 517329.683  0.48%   861 2059s
 36133 22157 517514.140   27  731 519809.680 517333.401  0.48%   861 2111s
 37431 23910 518285.657   58  606 519809.680 517334.115  0.48%   861 2165s
 39682 25027 518010.340   48  752 519809.680 517340.599  0.47%   843 2217s
 41462 25705 518502.699   56  748 519809.680 517341.433  0.47%   836 2269s
 42561 26217 518581.177   56  718 519809.680 517341.433  0.47%   842 2328s
 43356 27114 517443.020   32  784 519809.680 517342.194  0.47%   847 2390s
 44765 27754 517816.061   51  672 519809.680 517342.194  0.47%   852 2455s
 45889 28569 517825.153   26  679 519809.680 517348.186  0.47%   862 2520s
 47184 29666 517998.653   47  617 519809.680 517348.186  0.47%   871 2586s
 48845 30328 infeasible   41      519809.680 517349.094  0.47%   874 2673s
 49910 31207 517512.779   33  700 519809.680 517352.933  0.47%   883 2752s
 51436 31898 517788.595   76  564 519809.680 517354.113  0.47%   894 2843s
 52594 33282 517919.753   41  721 519809.680 517356.790  0.47%   903 2945s
 54675 35050 517778.948   31  766 519809.680 517359.078  0.47%   906 3036s
 57116 36885 517409.265   41  714 519809.680 517359.880  0.47%   904 3135s
 59946 36886 517739.950   32 6044 519809.680 517362.109  0.47%   898 3903s
 59948 36887 517807.042   38  587 519809.680 517362.109  0.47%   898 3913s
 59949 36888 517525.090   29  636 519809.680 517362.109  0.47%   898 3917s
 59951 36889 517609.662   39  824 519809.680 517362.109  0.47%   898 3923s
 59953 36891 518279.516   57  837 519809.680 517362.109  0.47%   898 3925s
 59963 36897 517374.005   22  867 519809.680 517362.109  0.47%   898 3947s
 59968 36901 517598.191   70  829 519809.680 517362.109  0.47%   898 3965s
 59972 36903 517520.404   39  840 519809.680 517362.109  0.47%   898 3984s
 59973 36904 517425.773   42  823 519809.680 517362.109  0.47%   898 3986s
 59975 36905 517819.199   41  821 519809.680 517362.109  0.47%   898 4004s
 59976 36906 518080.106  100  821 519809.680 517362.109  0.47%   898 4006s
 59978 36907 518438.734  160  838 519809.680 517362.109  0.47%   898 4024s
 59979 36908 517820.287   41  811 519809.680 517363.746  0.47%   898 4025s
 59981 36909 517961.945   51  833 519809.680 517363.757  0.47%   898 4043s
 59983 36911 518094.751   53  829 519809.680 517367.411  0.47%   897 4045s
 59985 36912 517396.269   26  825 519809.680 517367.411  0.47%   897 4060s
 59988 36914 517805.681   38  825 519809.680 517369.129  0.47%   897 4077s
 59992 36917 517658.827   33  825 519809.680 517370.617  0.47%   897 4095s
 59995 36919 518197.988   66  869 519809.680 517372.411  0.47%   897 4115s
 59996 36919 517823.820   35  868 519809.680 517374.172  0.47%   897 4120s
 59999 36921 518246.115  113  861 519809.680 517374.172  0.47%   897 4137s
 60002 36923 517788.322   29  875 519809.680 517376.401  0.47%   897 4140s
 60003 36924 517603.134   62  874 519809.680 517376.401  0.47%   897 4154s
 60004 36925 517385.796   36  885 519809.680 517376.401  0.47%   897 4156s
 60005 36925 517858.993  108  878 519809.680 517376.401  0.47%   897 4172s
 60007 36927 518286.283   75  867 519809.680 517376.401  0.47%   897 4190s
 60009 36928 517649.859   35  869 519809.680 517376.809  0.47%   897 4207s
 60013 36931 518045.861  116  871 519809.680 517377.918  0.47%   897 4225s
 60014 36931 517600.042   69  860 519809.680 517379.601  0.47%   897 4231s
 60015 36932 518072.026   40  864 519809.680 517379.601  0.47%   897 4246s
 60017 36933 517859.919   67  883 519809.680 517379.601  0.47%   897 4264s
 60018 36934 517800.558   35  873 519809.680 517379.601  0.47%   897 4265s
 60019 36935 517929.588   39  886 519809.680 517379.601  0.47%   897 4282s
 60022 36937 518446.300   88  896 519809.680 517380.461  0.47%   897 4300s
 60024 36938 517564.500   39  873 519809.680 517380.461  0.47%   897 4315s
 60027 36940 517555.094   28  867 519809.680 517380.923  0.47%   897 4333s
 60028 36941 517717.469   68  882 519809.680 517382.167  0.47%   897 4338s
 60029 36941 517382.167   28  877 519809.680 517382.167  0.47%   897 4357s
 60031 36943 517557.625   57  884 519809.680 517382.449  0.47%   897 4375s
 60033 36944 517387.858   27  894 519809.680 517382.679  0.47%   897 4391s
 60035 36945 517664.631   77  894 519809.680 517382.942  0.47%   897 4408s
 60036 36946 517592.850   29  899 519809.680 517383.499  0.47%   897 4410s
 60037 36947 517443.913   28  897 519809.680 517383.499  0.47%   897 4425s
 60039 36948 518057.809   57  896 519809.680 517383.696  0.47%   897 4442s
 60040 36949 517467.761   24  897 519809.680 517383.995  0.47%   897 4451s
 60042 36950 517827.322   88  914 519809.680 517383.995  0.47%   897 4468s
 60045 36952 518183.640   53  897 519809.680 517389.210  0.47%   897 4470s
 60047 36953 517796.890   42  883 519809.680 517389.417  0.47%   897 4485s
 60050 36955 517719.191   62  854 519809.680 517391.057  0.47%   896 4501s
 60054 36958 518166.268   49  886 519809.680 517393.351  0.46%   896 4520s
 60056 36959 517587.726   58  913 519809.680 517393.910  0.46%   896 4537s
 60058 36961 518067.707   57  899 519809.680 517393.910  0.46%   896 4555s
 60060 36962 518192.828   62  904 519809.680 517394.031  0.46%   896 4571s
 60063 36964 517394.569   22  888 519809.680 517394.569  0.46%   896 4587s
 60065 36965 517583.419   39  910 519809.680 517394.569  0.46%   896 4605s
 60067 36967 518423.980  132  918 519809.680 517394.570  0.46%   896 4622s
 60070 36969 517648.104   41  902 519809.680 517394.779  0.46%   896 4640s
 60072 36970 517520.404   39  906 519809.680 517395.303  0.46%   896 4659s
 60074 36971 517606.143   38  935 519809.680 517396.095  0.46%   896 4676s
 60076 36973 518080.106  100  930 519809.680 517396.095  0.46%   896 4695s
 60077 36973 518599.615  134  920 519809.680 517396.095  0.46%   896 4708s
 60078 36974 518438.734  160  929 519809.680 517396.095  0.46%   896 4726s
 60080 36975 517576.284   66  929 519809.680 517396.095  0.46%   896 4744s
 60081 36976 517961.945   51  917 519809.680 517396.095  0.46%   896 4745s
 60082 36977 517640.021   30  918 519809.680 517396.095  0.46%   896 4763s
 60084 36978 517571.790   40  922 519809.680 517396.871  0.46%   896 4784s
 60085 36979 517396.871   26  931 519809.680 517396.871  0.46%   896 4785s
 60086 36979 517660.213   38  932 519809.680 517396.871  0.46%   896 4804s
 60087 36980 517514.799   42  928 519809.680 517396.871  0.46%   896 4805s
 60088 36981 517805.681   38  924 519809.680 517396.871  0.46%   896 4825s
 60090 36982 517996.992   48  929 519809.680 517397.377  0.46%   896 4844s
 60091 36983 517845.314   31  916 519809.680 517397.377  0.46%   896 4845s
 60092 36983 517658.827   33  922 519809.680 517397.377  0.46%   896 4862s
 60094 36985 517593.949   48  917 519809.680 517397.377  0.46%   896 4878s
 60096 36986 517823.820   35  914 519809.680 517397.377  0.46%   896 4897s
 60099 36988 518246.115  113  932 519809.680 517397.377  0.46%   896 4916s
 60101 36989 517609.771   70  911 519809.680 517398.034  0.46%   896 4935s
 60103 36991 517603.134   62  905 519809.680 517398.034  0.46%   896 4953s
 60105 36992 517858.993  108  920 519809.680 517398.368  0.46%   896 4971s
 60107 36993 518286.283   75  913 519809.680 517398.368  0.46%   896 4991s
 60109 36995 517649.859   35  925 519809.680 517398.368  0.46%   896 5009s
 60110 36995 517950.075   61  916 519809.680 517398.500  0.46%   896 5010s
 60111 36996 518129.206   61  917 519809.680 517398.500  0.46%   896 5027s
 60113 36997 518045.861  116  914 519809.680 517398.500  0.46%   896 5046s
 60114 36998 517600.042   69  925 519809.680 517398.500  0.46%   896 5058s
 60115 36999 518072.026   40  926 519809.680 517398.500  0.46%   896 5076s
 60117 37000 517859.919   67  912 519809.680 517398.500  0.46%   895 5096s
 60119 37001 517929.588   39  928 519809.680 517398.500  0.46%   895 5117s
 60123 37004 517716.466   27  928 519809.680 517399.033  0.46%   895 5135s
 60128 37007 517717.469   68  942 519809.680 517403.102  0.46%   895 5154s
 60129 37008 517404.211   28  916 519809.680 517404.211  0.46%   895 5155s
 60131 37009 517557.625   57  924 519809.680 517404.211  0.46%   895 5175s
 60133 37011 517404.211   27  922 519809.680 517404.211  0.46%   895 5194s
 60134 37011 517843.226   62  902 519809.680 517404.590  0.46%   895 5200s
 60135 37012 517664.631   77  919 519809.680 517404.610  0.46%   895 5218s
 60138 37014 517864.952   89  922 519809.680 517405.337  0.46%   895 5236s
 60141 37016 517405.966   30  953 519809.680 517405.966  0.46%   895 5256s
 60145 37019 518183.640   53  952 519809.680 517407.416  0.46%   895 5274s
 60146 37019 517739.950   32  926 519809.680 517408.920  0.46%   895 5275s
 60149 37021 517525.090   29  947 519809.680 517408.920  0.46%   895 5294s
 60150 37022 517719.191   62  928 519809.680 517410.018  0.46%   895 5295s
 60153 37024 518279.516   57  925 519809.680 517410.228  0.46%   895 5312s
 60155 37025 517742.370   34  921 519809.680 517410.920  0.46%   895 5332s
 60157 37027 517649.823   54  943 519809.680 517411.100  0.46%   895 5351s
 60160 37029 518192.828   62  944 519809.680 517411.589  0.46%   895 5369s
 60161 37029 517514.305   25  939 519809.680 517412.212  0.46%   895 5375s
 60164 37031 518129.542  129  916 519809.680 517412.751  0.46%   895 5391s
 60166 37033 518145.276   67  919 519809.680 517413.381  0.46%   895 5408s
 60169 37035 518330.235   87  931 519809.680 517414.247  0.46%   895 5425s
 60171 37036 517796.074   34  932 519809.680 517414.463  0.46%   895 5442s
 60173 37037 517425.773   42  944 519809.680 517414.528  0.46%   895 5461s
 60175 37039 517819.199   41  948 519809.680 517414.567  0.46%   895 5479s
 60176 37039 518080.106  100  953 519809.680 517414.567  0.46%   895 5480s
 60177 37040 518599.615  134  954 519809.680 517414.567  0.46%   895 5496s
 60178 37041 518438.734  160  954 519809.680 517414.574  0.46%   895 5514s
 60179 37041 517820.287   41  954 519809.680 517414.574  0.46%   895 5538s
 60180 37042 517576.284   66  954 519809.680 517414.574  0.46%   895 5573s
 60181 37043 517961.945   51  954 519809.680 517414.574  0.46%   895 5590s
 60182 37043 517640.021   30  954 519809.680 517414.574  0.46%   895 5614s
 60183 37044 518094.751   53  954 519809.680 517415.581  0.46%   895 5618s
 60184 37048 517437.899   25  842 519809.680 517415.581  0.46%   896 5621s
 60186 37051 517470.160   26  829 519809.680 517427.245  0.46%   897 5626s
 60190 37058 517475.729   27  885 519809.680 517431.476  0.46%   897 5633s
 60198 37071 517510.040   28  850 519809.680 517442.724  0.46%   897 5640s
 60214 37098 517530.534   29  876 519809.680 517447.671  0.45%   898 5650s
 60246 37119 517578.049   30  923 519809.680 517452.088  0.45%   900 5657s
 60278 37138 517578.649   31  897 519809.680 517452.096  0.45%   904 5665s
 60312 37168 517588.993   32  886 519809.680 517452.096  0.45%   904 5673s
 60353 37204 517587.517   32  910 519809.680 517452.096  0.45%   905 5682s
 60405 37230 517627.933   33  863 519809.680 517452.096  0.45%   906 5692s
 60452 37280 517649.328   34  867 519809.680 517452.096  0.45%   907 5700s
 60522 37323 517727.598   36  780 519809.680 517452.096  0.45%   908 5709s
 60592 37354 517881.145   37  817 519809.680 517452.096  0.45%   909 5719s
 60656 37397 517728.997   37  780 519809.680 517452.096  0.45%   910 5726s
 60735 37429 517778.080   39  813 519809.680 517452.096  0.45%   910 5735s
 60805 37460 517839.314   40  799 519809.680 517452.096  0.45%   911 5743s
 60871 37496 517800.939   40  794 519809.680 517452.096  0.45%   913 5751s
 60944 37527 517826.489   41  802 519809.680 517456.505  0.45%   914 5759s
 61017 37564 517850.758   42  756 519809.680 517456.505  0.45%   914 5765s
 61098 37589 infeasible   43      519809.680 517459.836  0.45%   915 5771s
 61179 37621 infeasible   43      519809.680 517459.836  0.45%   916 5781s
 61275 37673 517502.433   31  837 519809.680 517463.784  0.45%   916 5789s
 61380 37714 517541.147   34  775 519809.680 517463.784  0.45%   917 5799s
 61490 37764 517670.473   37  680 519809.680 517463.784  0.45%   918 5809s
 61597 37826 517714.837   42  706 519809.680 517463.784  0.45%   918 5819s
 61719 37888 517718.588   46  683 519809.680 517466.073  0.45%   919 5829s
 61841 37935 517760.368   50  671 519809.680 517466.073  0.45%   919 5839s
 61967 37993 517799.452   55  659 519809.680 517466.073  0.45%   920 5851s
 62121 38011 517814.521   61  647 519809.680 517466.073  0.45%   921 5860s
 62266 38069 517840.830   65  672 519809.680 517475.935  0.45%   921 5870s
 62428 38119 517936.505   70  639 519809.680 517478.994  0.45%   922 5882s
 62605 38208 518006.546   76  632 519809.680 517480.599  0.45%   922 5891s
 62799 38287     cutoff   83      519809.680 517480.599  0.45%   922 5904s
 62994 38387 518104.720   82  581 519809.680 517480.599  0.45%   922 5919s
 63211 38465 518177.576   93  611 519809.680 517480.599  0.45%   923 5933s
 63420 38548 518317.705  105  621 519809.680 517480.988  0.45%   923 5950s
 63637 38501 518360.730  113  608 519809.680 517485.206  0.45%   923 5960s
 63676 38507 infeasible  114      519809.680 517486.306  0.45%   923 5972s
 63721 38537 518363.909  113  613 519809.680 517489.987  0.45%   924 5983s
 63778 38537 518454.535  114  602 519809.680 517489.987  0.45%   924 5996s
 63818 38600 518478.181  115  609 519809.680 517489.987  0.45%   924 6012s
 63906 38671 infeasible  116      519809.680 517489.987  0.45%   925 6029s
 64057 38777 517532.669   48  771 519809.680 517492.948  0.45%   925 6047s
 64277 38942 517557.359   56  673 519809.680 517494.234  0.45%   925 6068s
 64577 39108 517689.018   66  714 519809.680 517494.675  0.45%   924 6089s
 64925 39233 517876.712   76  673 519809.680 517494.675  0.45%   923 6109s
 65272 39454 518007.097   87  630 519809.680 517495.658  0.45%   923 6130s
 65649 39613 517730.900   42  759 519809.680 517495.658  0.45%   921 6155s
 66039 39768 517900.275   46  717 519809.680 517495.658  0.45%   920 6181s
 66414 39907 518031.329   56  769 519809.680 517495.658  0.45%   919 6208s
 66809 40086 518093.529   62  743 519809.680 517495.658  0.45%   919 6231s
 67233 40179     cutoff   72      519809.680 517495.658  0.45%   919 6257s
 67675 40284 517767.075   40  747 519809.680 517504.507  0.44%   919 6289s
 68133 40391 518147.800   48  697 519809.680 517504.507  0.44%   920 6319s
 68513 40648 infeasible   55      519809.680 517510.450  0.44%   920 6357s
 69159 40756 518023.942   39  783 519809.680 517510.450  0.44%   921 6395s
 69756 41012 517705.920   45  791 519809.680 517510.705  0.44%   924 6430s
 70416 41302 infeasible   58      519809.680 517513.428  0.44%   925 6468s
 71211 41709 infeasible   79      519809.680 517513.428  0.44%   926 6509s
 72113 42314 517564.042   50  826 519809.680 517519.454  0.44%   927 6560s
 73434 42869 517645.580   53  664 519809.680 517520.944  0.44%   925 6613s
 74827 43138 517666.480   51  757 519809.680 517520.944  0.44%   923 6668s
 75951 42994 517813.750   31  823 519809.680 517528.480  0.44%   925 6717s
 76420 42862 517846.441   32  759 519809.680 517528.480  0.44%   927 6770s
 76460 42869 517851.518   33  732 519809.680 517528.480  0.44%   927 6825s
 76503 43270 517879.340   34  770 519809.680 517528.480  0.44%   927 6881s
 77108 44166 518050.958   35  791 519809.680 517529.736  0.44%   926 6970s
 78749 45018 517683.139   45  797 519809.680 517529.843  0.44%   930 7059s
 80788 45967 517843.432   86  561 519809.680 517529.843  0.44%   927 7137s
 83124 46214 517548.357   45  728 519809.680 517536.699  0.44%   922 7200s

Cutting planes:
  Learned: 13
  Gomory: 27
  Cover: 388
  Implied bound: 761
  Projected implied bound: 130
  Clique: 11
  MIR: 3912
  Mixing: 86
  StrongCG: 18
  Flow cover: 3201
  GUB cover: 162
  Inf proof: 4
  Zero half: 148
  Network: 1
  RLT: 61
  Relax-and-lift: 269
  BQP: 2

Explored 84723 nodes (78138699 simplex iterations) in 7201.13 seconds (14004.33 work units)
Thread count was 32 (of 64 available processors)

Solution count 2: 519810 519810 

Time limit reached
Best objective 5.198096802565e+05, best bound 5.175388954391e+05, gap 0.4368%

User-callback calls 1644526, time in user-callback 0.21 sec

Gurobi 12.0.3 (linux64, C++) logging started Thu Nov 20 19:05:27 2025

Set parameter LicenseID to value 2723399
Set parameter TimeLimit to value 7200
Set parameter MIPGap to value 0
Set parameter LogFile to value "two_index_formulation_original.log"
Gurobi Optimizer version 12.0.3 build v12.0.3rc0 (linux64 - "Ubuntu 24.04.2 LTS")

CPU model: AMD Ryzen Threadripper 7970X 32-Cores, instruction set [SSE2|AVX|AVX2|AVX512]
Thread count: 32 physical cores, 64 logical processors, using up to 32 threads

Non-default parameters:
TimeLimit  7200
MIPGap  0

Optimize a model with 3716211 rows, 3295958 columns and 26681448 nonzeros
Model fingerprint: 0x06e2be0b
Variable types: 2197654 continuous, 1098304 integer (1098304 binary)
Coefficient statistics:
  Matrix range     [1e+00, 2e+03]
  Objective range  [1e+00, 1e+04]
  Bounds range     [1e+00, 2e+03]
  RHS range        [1e+00, 5e+02]

User MIP start produced solution with objective 269613 (3.81s)
Loaded user MIP start with objective 269613
Processed MIP start in 4.16 seconds (4.31 work units)

Presolve removed 3071507 rows and 2828706 columns (presolve time = 5s)...
Presolve removed 3076779 rows and 2831081 columns
Presolve time: 6.60s
Presolved: 639432 rows, 464877 columns, 3999291 nonzeros
Variable types: 292992 continuous, 171885 integer (171827 binary)
Performing another presolve...
Presolve removed 1896 rows and 953 columns (presolve time = 5s)...
Presolve removed 54517 rows and 1929 columns (presolve time = 10s)...
Presolve removed 55421 rows and 3967 columns (presolve time = 15s)...
Presolve removed 56940 rows and 3967 columns (presolve time = 20s)...
Presolve removed 56940 rows and 3967 columns (presolve time = 25s)...
Presolve removed 57036 rows and 3967 columns
Presolve time: 25.64s
Deterministic concurrent LP optimizer: primal simplex, dual simplex, and barrier
Showing barrier log only...

Root barrier log...

Elapsed ordering time = 5s
Elapsed ordering time = 10s
Elapsed ordering time = 15s
Ordering time: 31.23s

Barrier statistics:
 Dense cols : 4856
 AA' NZ     : 1.603e+07
 Factor NZ  : 8.207e+07 (roughly 1.0 GB of memory)
 Factor Ops : 2.162e+11 (less than 1 second per iteration)
 Threads    : 30

                  Objective                Residual
Iter       Primal          Dual         Primal    Dual     Compl     Time
   0   8.18281132e+08 -2.08201302e+09  7.40e+05 9.15e+00  9.27e+04    78s
   1   6.87200338e+08 -2.06469233e+09  6.20e+05 6.91e+01  7.86e+04    79s
   2   5.40326542e+08 -2.00980693e+09  4.99e+05 5.52e+01  6.35e+04    79s
   3   3.87418913e+08 -1.90491869e+09  3.62e+05 3.60e+01  4.55e+04    80s
   4   2.67426612e+08 -1.74212903e+09  2.55e+05 2.12e+01  3.15e+04    80s
   5   1.56145813e+08 -1.48645847e+09  1.52e+05 6.58e+00  1.87e+04    81s
   6   6.83981017e+07 -1.02441491e+09  6.68e+04 3.92e-02  8.13e+03    81s
   7   2.22639172e+07 -3.68832700e+08  2.15e+04 3.52e-02  2.49e+03    82s
   8   1.15248617e+07 -2.80933152e+08  1.09e+04 2.34e-02  1.30e+03    82s
   9   5.85544564e+06 -1.58224577e+08  5.37e+03 6.72e-03  6.21e+02    83s
  10   3.76037877e+06 -1.06798742e+08  3.34e+03 3.05e-03  3.76e+02    83s
  11   2.82086161e+06 -8.24215778e+07  2.43e+03 2.01e-03  2.72e+02    84s
  12   2.03091918e+06 -6.42378134e+07  1.68e+03 1.41e-03  1.90e+02    84s
  13   1.64718165e+06 -4.84242936e+07  1.31e+03 9.54e-04  1.44e+02    85s
  14   1.20705844e+06 -3.92838611e+07  8.81e+02 7.15e-04  9.99e+01    86s
  15   7.58273843e+05 -2.87664736e+07  4.06e+02 4.78e-04  5.25e+01    87s
  16   7.20754349e+05 -2.14193518e+07  2.88e+02 3.34e-04  3.73e+01    87s
  17   7.31969515e+05 -1.56456177e+07  2.30e+02 2.27e-04  2.82e+01    88s
  18   7.56984152e+05 -1.10896822e+07  1.80e+02 1.48e-04  2.07e+01    89s
  19   8.02163025e+05 -9.03872720e+06  1.01e+02 1.15e-04  1.35e+01    89s
  20   8.13932352e+05 -6.35917582e+06  6.49e+01 7.60e-05  8.96e+00    90s
  21   8.11091268e+05 -4.09875914e+06  4.01e+01 4.47e-05  5.54e+00    91s
  22   7.96088542e+05 -2.41646163e+06  2.38e+01 2.49e-05  3.26e+00    92s
  23   7.64759462e+05 -1.85560940e+06  1.42e+01 1.95e-05  2.34e+00    92s
  24   7.49515807e+05 -1.10393280e+06  1.20e+01 1.27e-05  1.65e+00    93s
  25   7.42462662e+05 -8.81937388e+05  1.14e+01 1.08e-05  1.44e+00    93s
  26   7.14294261e+05 -6.59608941e+05  8.65e+00 8.84e-06  1.17e+00    94s
  27   6.60965052e+05 -4.70047390e+05  5.28e+00 7.21e-06  8.94e-01    95s
  28   6.22208320e+05 -2.63519328e+05  4.09e+00 5.43e-06  6.87e-01    95s
  29   6.02218436e+05 -1.21837295e+05  3.77e+00 4.10e-06  5.64e-01    96s
  30   5.47302391e+05 -5.51494443e+04  2.85e+00 3.43e-06  4.60e-01    97s
  31   5.00102579e+05 -1.55893194e+04  2.25e+00 3.01e-06  3.89e-01    98s
  32   4.62012388e+05  2.62708158e+04  1.83e+00 2.53e-06  3.26e-01    99s
  33   4.20240421e+05  5.49492863e+04  1.43e+00 2.17e-06  2.71e-01    99s
  34   3.97384392e+05  9.71885191e+04  1.26e+00 1.62e-06  2.23e-01   100s
  35   3.66953737e+05  1.16284095e+05  1.03e+00 1.36e-06  1.86e-01   101s
  36   3.49615857e+05  1.35803923e+05  9.02e-01 1.10e-06  1.58e-01   102s
  37   3.36022109e+05  1.48352065e+05  8.05e-01 9.20e-07  1.39e-01   102s
  38   3.10253849e+05  1.68227706e+05  6.27e-01 6.41e-07  1.05e-01   103s
  39   2.83852838e+05  1.81782149e+05  4.47e-01 4.52e-07  7.55e-02   104s
  40   2.61840153e+05  1.88071032e+05  3.00e-01 3.63e-07  5.42e-02   105s
  41   2.54718868e+05  1.96224303e+05  2.55e-01 2.52e-07  4.32e-02   105s
  42   2.46022314e+05  2.00373775e+05  2.00e-01 1.92e-07  3.37e-02   106s
  43   2.38557244e+05  2.03354449e+05  1.54e-01 1.50e-07  2.60e-02   107s
  44   2.32523020e+05  2.05814250e+05  1.16e-01 1.15e-07  1.97e-02   108s
  45   2.27366000e+05  2.07365603e+05  8.24e-02 9.30e-08  1.47e-02   109s
  46   2.23236496e+05  2.09999488e+05  5.61e-02 5.57e-08  9.73e-03   109s
  47   2.20374774e+05  2.11369261e+05  3.81e-02 3.66e-08  6.62e-03   110s
  48   2.18505170e+05  2.11923993e+05  2.64e-02 2.90e-08  4.81e-03   111s
  49   2.17467702e+05  2.12310566e+05  2.00e-02 2.35e-08  3.76e-03   112s
  50   2.16722356e+05  2.12686844e+05  1.56e-02 1.83e-08  2.94e-03   112s
  51   2.15865077e+05  2.13002167e+05  1.04e-02 1.40e-08  2.07e-03   113s
  52   2.15505645e+05  2.13265937e+05  8.19e-03 1.07e-08  1.62e-03   114s
  53   2.15246314e+05  2.13429143e+05  6.63e-03 8.54e-09  1.32e-03   115s
  54   2.14943580e+05  2.13644103e+05  4.83e-03 5.74e-09  9.44e-04   115s
  55   2.14650804e+05  2.13730481e+05  3.10e-03 4.63e-09  6.63e-04   116s
  56   2.14546527e+05  2.13878801e+05  2.50e-03 2.72e-09  4.85e-04   117s
  57   2.14490820e+05  2.13950842e+05  2.18e-03 1.80e-09  3.95e-04   118s
  58   2.14313366e+05  2.14000027e+05  1.17e-03 1.18e-09  2.28e-04   118s
  59   2.14167859e+05  2.14024752e+05  3.63e-04 8.78e-10  1.01e-04   119s
  60   2.14129923e+05  2.14075082e+05  1.61e-04 2.77e-10  3.91e-05   120s
  61   2.14114905e+05  2.14087933e+05  8.18e-05 1.18e-10  1.93e-05   121s
  62   2.14103283e+05  2.14096163e+05  2.17e-05 2.26e-11  5.10e-06   121s
  63   2.14100210e+05  2.14098468e+05  7.64e-06 1.82e-12  1.29e-06   122s
  64   2.14098906e+05  2.14098496e+05  2.67e-06 4.50e-12  2.99e-07   122s
  65   2.14098707e+05  2.14098502e+05  6.94e-06 3.33e-12  1.47e-07   123s
  66   2.14098512e+05  2.14098502e+05  3.24e-07 4.01e-12  6.89e-09   124s
  67   2.14098508e+05  2.14098502e+05  1.05e-06 1.55e-08  4.40e-09   124s
  68   2.14098503e+05  2.14098502e+05  5.19e-07 3.83e-11  1.35e-10   125s
  69   2.14098503e+05  2.14098502e+05  1.97e-07 1.05e-11  5.12e-11   126s

Barrier solved model in 69 iterations and 125.97 seconds (208.54 work units)
Optimal objective 2.14098503e+05


Root crossover log...

  287886 DPushes remaining with DInf 0.0000000e+00               126s
   33304 DPushes remaining with DInf 0.0000000e+00               149s
       0 DPushes remaining with DInf 0.0000000e+00               150s

     666 PPushes remaining with PInf 0.0000000e+00               150s
       0 PPushes remaining with PInf 0.0000000e+00               150s

  Push phase complete: Pinf 0.0000000e+00, Dinf 1.2552180e-09    150s


Root simplex log...

Iteration    Objective       Primal Inf.    Dual Inf.      Time
  112499    2.1409850e+05   0.000000e+00   0.000000e+00    151s
Concurrent spin time: 52.26s (can be avoided by choosing Method=3)

Solved with barrier
  112499    2.1409850e+05   0.000000e+00   0.000000e+00    203s

Root relaxation: objective 2.140985e+05, 112499 iterations, 162.95 seconds (234.22 work units)
Total elapsed time = 203.31s (DegenMoves)
Total elapsed time = 230.97s (DegenMoves)

    Nodes    |    Current Node    |     Objective Bounds      |     Work
 Expl Unexpl |  Obj  Depth IntInf | Incumbent    BestBd   Gap | It/Node Time

     0     0 214098.502    0 1157 269613.268 214098.502  20.6%     -  233s
     0     0 214103.768    0 1159 269613.268 214103.768  20.6%     -  250s
     0     0 214113.076    0 1159 269613.268 214113.076  20.6%     -  277s
     0     0 214117.560    0 1163 269613.268 214117.560  20.6%     -  309s
     0     0 214153.078    0 1170 269613.268 214153.078  20.6%     -  354s
     0     0 214177.804    0 1166 269613.268 214177.804  20.6%     -  416s
     0     0 214200.215    0 1146 269613.268 214200.215  20.6%     -  463s
     0     0 214200.256    0 1145 269613.268 214200.256  20.6%     -  465s
     0     0 216848.147    0 1325 269613.268 216848.147  19.6%     - 1809s
     0     0 216858.552    0 1321 269613.268 216858.552  19.6%     - 1824s
     0     0 216859.522    0 1321 269613.268 216859.522  19.6%     - 1828s
     0     0 217184.188    0 1309 269613.268 217184.188  19.4%     - 3302s
     0     0 217190.051    0 1328 269613.268 217190.051  19.4%     - 3342s
     0     0 217190.060    0 1320 269613.268 217190.060  19.4%     - 3344s
     0     0 217190.229    0 1319 269613.268 217190.229  19.4%     - 3350s
     0     0 217780.811    0 1390 269613.268 217780.811  19.2%     - 3822s
     0     0 217838.337    0 1399 269613.268 217838.337  19.2%     - 3936s
     0     0 217841.543    0 1409 269613.268 217841.543  19.2%     - 3958s
     0     0 217841.706    0 1411 269613.268 217841.706  19.2%     - 3961s
     0     0 218517.210    0 1417 269613.268 218517.210  19.0%     - 4741s
     0     0 218517.491    0 1418 269613.268 218517.491  19.0%     - 4742s
     0     0 218556.117    0 1431 269613.268 218556.117  18.9%     - 4869s
     0     0 218556.176    0 1431 269613.268 218556.176  18.9%     - 4872s
     0     0 218559.674    0 1428 269613.268 218559.674  18.9%     - 4902s
     0     0 218559.697    0 1435 269613.268 218559.697  18.9%     - 4909s
     0     0 218559.697    0 1426 269613.268 218559.697  18.9%     - 4910s
     0     0 218560.131    0 1432 269613.268 218560.131  18.9%     - 4918s
     0     0 218596.350    0 1440 269613.268 218596.350  18.9%     - 5064s
     0     0 218596.487    0 1438 269613.268 218596.487  18.9%     - 5067s
     0     0 218599.767    0 1452 269613.268 218599.767  18.9%     - 5107s
     0     0 218599.983    0 1459 269613.268 218599.983  18.9%     - 5115s
     0     0 218604.371    0 1431 269613.268 218604.371  18.9%     - 5140s
     0     0 218604.606    0 1439 269613.268 218604.606  18.9%     - 5147s
     0     0 218606.908    0 1437 269613.268 218606.908  18.9%     - 5168s
     0     0 218606.941    0 1437 269613.268 218606.941  18.9%     - 5171s
     0     0 218607.079    0 1434 269613.268 218607.079  18.9%     - 5179s
     0     0 218607.752    0 1432 269613.268 218607.752  18.9%     - 5186s
     0     0 218607.888    0 1431 269613.268 218607.888  18.9%     - 5189s
     0     0 218607.978    0 1432 269613.268 218607.978  18.9%     - 5191s
     0     0 218608.004    0 1432 269613.268 218608.004  18.9%     - 5195s
     0     0 218608.345    0 1432 269613.268 218608.345  18.9%     - 5198s
     0     0 218608.394    0 1432 269613.268 218608.394  18.9%     - 5203s
     0     0 218609.046    0 1440 269613.268 218609.046  18.9%     - 5206s
     0     0 218609.132    0 1444 269613.268 218609.132  18.9%     - 5212s
     0     0 218609.926    0 1442 269613.268 218609.926  18.9%     - 5218s
     0     0 218610.418    0 1437 269613.268 218610.418  18.9%     - 5229s
     0     2 218610.448    0 1437 269613.268 218610.448  18.9%     - 5371s
     1     4 218626.968    1 1431 269613.268 218610.448  18.9%  3933 5411s
     2     5 218666.303    1 1431 269613.268 218626.974  18.9%  5490 5487s
     3     6 218678.835    2 1424 269613.268 218626.974  18.9%  4843 5560s
     5    10 218687.993    3 1431 269613.268 218626.974  18.9%  4770 5643s
     9    19 218718.693    3 1443 269613.268 218650.345  18.9%  4995 5931s
    18    35 218757.663    4 1459 269613.268 218661.059  18.9%  6136 6425s
    34    36 218750.271    5 1459 269613.268 218661.947  18.9%  7852 7200s

Cutting planes:
  Gomory: 22
  Cover: 109
  Implied bound: 1765
  Clique: 13
  MIR: 391
  StrongCG: 1
  Flow cover: 333
  GUB cover: 39
  Network: 3
  RLT: 93
  Relax-and-lift: 289
  BQP: 9

Explored 35 nodes (750733 simplex iterations) in 7201.64 seconds (10205.10 work units)
Thread count was 32 (of 64 available processors)

Solution count 2: 269613 269613 

Time limit reached
Best objective 2.696132681206e+05, best bound 2.186619470173e+05, gap 18.8979%

User-callback calls 945354, time in user-callback 0.04 sec

Gurobi 12.0.3 (linux64, C++) logging started Thu Nov 20 21:05:48 2025

Set parameter LicenseID to value 2723399
Set parameter TimeLimit to value 7200
Set parameter MIPGap to value 0
Set parameter LogFile to value "two_index_formulation_original.log"
Gurobi Optimizer version 12.0.3 build v12.0.3rc0 (linux64 - "Ubuntu 24.04.2 LTS")

CPU model: AMD Ryzen Threadripper 7970X 32-Cores, instruction set [SSE2|AVX|AVX2|AVX512]
Thread count: 32 physical cores, 64 logical processors, using up to 32 threads

Non-default parameters:
TimeLimit  7200
MIPGap  0

Optimize a model with 2958302 rows, 3085600 columns and 24209357 nonzeros
Model fingerprint: 0xa41c8547
Variable types: 2057404 continuous, 1028196 integer (1028196 binary)
Coefficient statistics:
  Matrix range     [1e+00, 8e+03]
  Objective range  [1e+00, 1e+04]
  Bounds range     [1e+00, 8e+03]
  RHS range        [1e+00, 5e+02]

User MIP start produced solution with objective 156253 (3.56s)
Loaded user MIP start with objective 156253
Processed MIP start in 3.94 seconds (3.49 work units)

Presolve removed 2470961 rows and 2729276 columns (presolve time = 5s)...
Presolve removed 2479282 rows and 2735846 columns
Presolve time: 6.36s
Presolved: 479020 rows, 349754 columns, 2998344 nonzeros
Variable types: 222412 continuous, 127342 integer (127295 binary)
Performing another presolve...
Presolve removed 78363 rows and 2686 columns (presolve time = 5s)...
Presolve removed 79338 rows and 3864 columns (presolve time = 10s)...
Presolve removed 85454 rows and 11627 columns (presolve time = 15s)...
Presolve removed 85496 rows and 11627 columns (presolve time = 20s)...
Presolve removed 85632 rows and 11627 columns
Presolve time: 20.59s
Deterministic concurrent LP optimizer: primal simplex, dual simplex, and barrier
Showing barrier log only...

Root barrier log...

Elapsed ordering time = 5s
Elapsed ordering time = 10s
Elapsed ordering time = 15s
Elapsed ordering time = 20s
Ordering time: 40.37s

Barrier statistics:
 Dense cols : 207
 AA' NZ     : 2.011e+07
 Factor NZ  : 1.049e+08 (roughly 1.2 GB of memory)
 Factor Ops : 1.519e+11 (less than 1 second per iteration)
 Threads    : 30

                  Objective                Residual
Iter       Primal          Dual         Primal    Dual     Compl     Time
   0   1.60876941e+09 -2.98285179e+09  2.64e+06 4.38e+00  2.13e+05    81s
   1   1.37659967e+09 -2.97161852e+09  2.22e+06 4.00e+01  1.80e+05    81s
   2   8.79085036e+08 -2.88866205e+09  1.42e+06 2.66e+01  1.17e+05    82s
   3   5.73705187e+08 -2.63901321e+09  9.36e+05 1.54e+01  7.78e+04    83s
   4   2.50202320e+08 -2.32897220e+09  4.08e+05 9.55e+00  3.54e+04    83s
   5   9.48305692e+07 -1.33848682e+09  1.55e+05 6.02e-01  1.35e+04    84s
   6   2.12120586e+07 -6.02114812e+08  3.43e+04 1.55e-02  3.12e+03    85s
   7   7.07861275e+06 -2.64933077e+08  1.12e+04 5.83e-13  1.01e+03    85s
   8   4.68465495e+06 -1.90279105e+08  7.25e+03 5.54e-13  6.52e+02    86s
   9   2.77759310e+06 -1.18186968e+08  4.11e+03 5.12e-13  3.62e+02    86s
  10   2.33863179e+06 -8.28665714e+07  3.38e+03 5.83e-13  2.74e+02    87s
  11   1.48638784e+06 -5.62349011e+07  1.98e+03 3.13e-13  1.62e+02    87s
  12   9.30910975e+05 -3.77234977e+07  1.01e+03 2.13e-13  8.83e+01    88s
  13   7.44014955e+05 -2.15190967e+07  6.29e+02 1.42e-13  5.05e+01    88s
  14   6.63722211e+05 -1.57359955e+07  4.65e+02 8.53e-14  3.62e+01    89s
  15   5.81577033e+05 -1.26725494e+07  2.94e+02 7.11e-14  2.51e+01    89s
  16   5.30434524e+05 -9.37606268e+06  1.93e+02 8.53e-14  1.70e+01    90s
  17   4.89384594e+05 -5.83545853e+06  1.19e+02 1.14e-13  1.01e+01    91s
  18   4.56894931e+05 -3.79945881e+06  7.28e+01 5.68e-14  6.19e+00    91s
  19   4.23512148e+05 -2.56596969e+06  4.48e+01 5.68e-14  3.97e+00    92s
  20   3.95566382e+05 -1.78181492e+06  3.04e+01 1.14e-13  2.73e+00    92s
  21   3.75989010e+05 -1.28118931e+06  2.27e+01 5.68e-14  2.01e+00    93s
  22   3.53633499e+05 -9.07770682e+05  1.80e+01 1.14e-13  1.50e+00    93s
  23   3.29846333e+05 -6.48604712e+05  1.28e+01 1.14e-13  1.12e+00    94s
  24   3.08491908e+05 -5.83146083e+05  9.26e+00 1.14e-13  9.74e-01    94s
  25   2.90539481e+05 -3.93876443e+05  6.73e+00 5.68e-14  7.29e-01    95s
  26   2.79123396e+05 -2.40047960e+05  5.67e+00 5.68e-14  5.49e-01    96s
  27   2.65052215e+05 -1.65820345e+05  4.66e+00 1.14e-13  4.50e-01    97s
  28   2.44237470e+05 -1.15332864e+05  3.42e+00 1.14e-13  3.68e-01    97s
  29   2.22528640e+05 -4.47322451e+04  2.40e+00 5.68e-14  2.69e-01    98s
  30   2.05682709e+05  4.24659190e+03  1.85e+00 1.14e-13  2.01e-01    99s
  31   1.89520806e+05  2.66920813e+04  1.44e+00 5.68e-14  1.62e-01    99s
  32   1.79492337e+05  4.56726470e+04  1.21e+00 1.14e-13  1.32e-01   100s
  33   1.68718899e+05  5.80180349e+04  9.82e-01 5.68e-14  1.09e-01   101s
  34   1.55202149e+05  7.24330080e+04  7.26e-01 1.14e-13  8.12e-02   101s
  35   1.47562752e+05  8.24598534e+04  5.94e-01 5.68e-14  6.38e-02   102s
  36   1.39840560e+05  8.63715191e+04  4.65e-01 1.14e-13  5.22e-02   103s
  37   1.31898544e+05  8.91802322e+04  3.36e-01 5.68e-14  4.15e-02   103s
  38   1.26958743e+05  9.41652173e+04  2.60e-01 1.14e-13  3.18e-02   104s
  39   1.24706850e+05  9.72962414e+04  2.26e-01 5.68e-14  2.66e-02   104s
  40   1.23430532e+05  9.98392777e+04  2.03e-01 5.68e-14  2.29e-02   105s
  41   1.22586730e+05  1.03602937e+05  1.55e-01 5.68e-14  1.83e-02   106s
  42   1.22111366e+05  1.06173532e+05  1.12e-01 5.68e-14  1.53e-02   106s
  43   1.21883487e+05  1.07643129e+05  9.49e-02 5.68e-14  1.36e-02   107s
  44   1.21420474e+05  1.08396287e+05  7.07e-02 1.14e-13  1.24e-02   108s
  45   1.21235662e+05  1.09706145e+05  6.55e-02 5.68e-14  1.09e-02   108s
  46   1.21002483e+05  1.10252280e+05  5.97e-02 5.68e-14  1.02e-02   109s
  47   1.20859882e+05  1.10444509e+05  5.65e-02 5.68e-14  9.88e-03   110s
  48   1.20677032e+05  1.10919391e+05  5.27e-02 5.68e-14  9.25e-03   110s
  49   1.20399955e+05  1.11292397e+05  4.73e-02 5.68e-14  8.63e-03   111s
  50   1.19947026e+05  1.11676064e+05  4.10e-02 5.68e-14  7.83e-03   112s
  51   1.19871975e+05  1.11778148e+05  4.00e-02 5.68e-14  7.66e-03   112s
  52   1.19586948e+05  1.12118754e+05  3.65e-02 5.68e-14  7.06e-03   113s
  53   1.19292352e+05  1.12554963e+05  3.34e-02 5.68e-14  6.37e-03   113s
  54   1.19183395e+05  1.12622699e+05  3.25e-02 5.68e-14  6.20e-03   114s
  55   1.19041087e+05  1.12954926e+05  3.12e-02 5.68e-14  5.76e-03   115s
  56   1.18806136e+05  1.13155754e+05  2.91e-02 5.68e-14  5.34e-03   115s
  57   1.18552199e+05  1.13372040e+05  2.68e-02 5.68e-14  4.90e-03   116s
  58   1.18277783e+05  1.13615173e+05  2.43e-02 5.68e-14  4.41e-03   117s
  59   1.18079125e+05  1.13728280e+05  2.24e-02 5.68e-14  4.11e-03   117s
  60   1.17802230e+05  1.13811757e+05  1.98e-02 5.68e-14  3.77e-03   118s
  61   1.17526962e+05  1.13905027e+05  1.73e-02 1.14e-13  3.42e-03   119s
  62   1.17259513e+05  1.14033425e+05  1.51e-02 1.14e-13  3.05e-03   119s
  63   1.17163798e+05  1.14241094e+05  1.42e-02 1.14e-13  2.76e-03   120s
  64   1.16924585e+05  1.14290209e+05  1.22e-02 1.14e-13  2.49e-03   120s
  65   1.16825121e+05  1.14402922e+05  1.15e-02 5.68e-14  2.29e-03   121s
  66   1.16501563e+05  1.14559481e+05  8.87e-03 5.68e-14  1.83e-03   122s
  67   1.16445192e+05  1.14649181e+05  8.40e-03 1.14e-13  1.70e-03   122s
  68   1.16389630e+05  1.14727846e+05  7.95e-03 5.68e-14  1.57e-03   123s
  69   1.16275098e+05  1.14777600e+05  7.04e-03 5.68e-14  1.41e-03   124s
  70   1.16111029e+05  1.14823072e+05  5.71e-03 5.68e-14  1.22e-03   124s
  71   1.16084451e+05  1.14882088e+05  5.50e-03 5.68e-14  1.14e-03   125s
  72   1.15898494e+05  1.14916692e+05  4.11e-03 5.68e-14  9.26e-04   126s
  73   1.15841288e+05  1.15020221e+05  3.67e-03 5.68e-14  7.75e-04   126s
  74   1.15793085e+05  1.15053530e+05  3.30e-03 5.68e-14  6.98e-04   127s
  75   1.15769904e+05  1.15089671e+05  3.13e-03 1.14e-13  6.42e-04   127s
  76   1.15659990e+05  1.15133657e+05  2.28e-03 1.14e-13  4.97e-04   128s
  77   1.15535956e+05  1.15176749e+05  1.34e-03 5.68e-14  3.39e-04   129s
  78   1.15500069e+05  1.15235094e+05  1.06e-03 5.68e-14  2.50e-04   129s
  79   1.15459936e+05  1.15260493e+05  7.65e-04 5.68e-14  1.88e-04   130s
  80   1.15418219e+05  1.15294913e+05  4.61e-04 5.68e-14  1.16e-04   131s
  81   1.15374914e+05  1.15323609e+05  1.57e-04 5.68e-14  4.83e-05   131s
  82   1.15362767e+05  1.15340207e+05  6.83e-05 5.68e-14  2.12e-05   132s
  83   1.15358169e+05  1.15347813e+05  3.75e-05 5.68e-14  9.77e-06   133s
  84   1.15354749e+05  1.15349609e+05  1.59e-05 5.68e-14  4.84e-06   133s
  85   1.15352930e+05  1.15351097e+05  4.73e-06 5.68e-14  1.73e-06   134s
  86   1.15352541e+05  1.15351801e+05  2.43e-06 1.14e-13  6.98e-07   134s
  87   1.15352182e+05  1.15351984e+05  1.39e-06 5.68e-14  1.87e-07   135s
  88   1.15352104e+05  1.15352086e+05  2.02e-07 1.95e-13  1.75e-08   135s
  89   1.15352101e+05  1.15352101e+05  4.64e-07 1.01e-12  2.60e-10   136s
  90   1.15352101e+05  1.15352101e+05  4.89e-06 9.00e-13  2.32e-10   136s
  91   1.15352101e+05  1.15352101e+05  3.05e-07 1.37e-12  1.67e-12   137s

Barrier solved model in 91 iterations and 136.98 seconds (259.80 work units)
Optimal objective 1.15352101e+05


Root crossover log...

  211431 DPushes remaining with DInf 0.0000000e+00               137s
    2598 DPushes remaining with DInf 0.0000000e+00               156s
       0 DPushes remaining with DInf 0.0000000e+00               157s

     822 PPushes remaining with PInf 0.0000000e+00               157s
       0 PPushes remaining with PInf 0.0000000e+00               157s

  Push phase complete: Pinf 0.0000000e+00, Dinf 1.5478883e-05    157s


Root simplex log...

Iteration    Objective       Primal Inf.    Dual Inf.      Time
   85762    1.1535210e+05   0.000000e+00   1.547885e-05    158s
   85763    1.1535210e+05   0.000000e+00   0.000000e+00    158s
Waiting for other threads to finish...         221s
Concurrent spin time: 71.02s (can be avoided by choosing Method=3)

Solved with barrier
   85763    1.1535210e+05   0.000000e+00   0.000000e+00    229s

Root relaxation: objective 1.153521e+05, 85763 iterations, 195.24 seconds (276.01 work units)
Total elapsed time = 228.91s (DegenMoves)
Total elapsed time = 230.26s (DegenMoves)

    Nodes    |    Current Node    |     Objective Bounds      |     Work
 Expl Unexpl |  Obj  Depth IntInf | Incumbent    BestBd   Gap | It/Node Time

     0     0 115352.101    0 1493 156253.375 115352.101  26.2%     -  232s
     0     0 115414.283    0 1496 156253.375 115414.283  26.1%     -  298s
     0     0 115426.119    0 1491 156253.375 115426.119  26.1%     -  346s
     0     0 115434.105    0 1503 156253.375 115434.105  26.1%     -  385s
     0     0 115449.381    0 1502 156253.375 115449.381  26.1%     -  424s
     0     0 115461.703    0 1487 156253.375 115461.703  26.1%     -  449s
     0     0 115462.274    0 1491 156253.375 115462.274  26.1%     -  458s
     0     0 115462.312    0 1486 156253.375 115462.312  26.1%     -  463s
     0     0 115462.313    0 1486 156253.375 115462.313  26.1%     -  463s
H    0     0                    156253.37475 115462.313  26.1%     -  614s
     0     0 116282.227    0 1639 156253.375 116282.227  25.6%     - 1621s
     0     0 116285.952    0 1642 156253.375 116285.952  25.6%     - 1690s
     0     0 116286.296    0 1632 156253.375 116286.296  25.6%     - 1701s
     0     0 116286.360    0 1629 156253.375 116286.360  25.6%     - 1703s
     0     0 116286.361    0 1633 156253.375 116286.361  25.6%     - 1704s
     0     0 116286.362    0 1630 156253.375 116286.362  25.6%     - 1705s
     0     0 116478.389    0 1693 156253.375 116478.389  25.5%     - 3324s
     0     0 116478.960    0 1685 156253.375 116478.960  25.5%     - 3340s
     0     0 116478.965    0 1684 156253.375 116478.965  25.5%     - 3341s
     0     0 116478.979    0 1685 156253.375 116478.979  25.5%     - 3342s
     0     0 116487.362    0 1707 156253.375 116487.362  25.4%     - 3435s
     0     0 116487.690    0 1714 156253.375 116487.690  25.4%     - 3444s
     0     0 116488.235    0 1715 156253.375 116488.235  25.4%     - 3475s
     0     0 116488.329    0 1713 156253.375 116488.329  25.4%     - 3488s
     0     0 116589.630    0 1741 156253.375 116589.630  25.4%     - 3796s
     0     0 116590.433    0 1740 156253.375 116590.433  25.4%     - 3817s
     0     0 116590.502    0 1736 156253.375 116590.502  25.4%     - 3821s
     0     0 116590.591    0 1730 156253.375 116590.591  25.4%     - 3827s
     0     0 116590.660    0 1733 156253.375 116590.660  25.4%     - 3833s
     0     0 116590.732    0 1736 156253.375 116590.732  25.4%     - 3839s
     0     0 116590.736    0 1735 156253.375 116590.736  25.4%     - 3841s
     0     0 116590.744    0 1741 156253.375 116590.744  25.4%     - 3843s
     0     0 116590.747    0 1734 156253.375 116590.747  25.4%     - 3844s
     0     0 116590.756    0 1735 156253.375 116590.756  25.4%     - 3846s
     0     0 116590.756    0 1735 156253.375 116590.756  25.4%     - 3847s
     0     0 116599.528    0 1746 156253.375 116599.528  25.4%     - 3968s
     0     0 116599.597    0 1742 156253.375 116599.597  25.4%     - 3974s
     0     0 116599.972    0 1755 156253.375 116599.972  25.4%     - 3995s
     0     0 116599.973    0 1758 156253.375 116599.973  25.4%     - 3996s
     0     0 116600.329    0 1752 156253.375 116600.329  25.4%     - 4014s
     0     0 116600.370    0 1749 156253.375 116600.370  25.4%     - 4020s
     0     0 116951.666    0 1732 156253.375 116951.666  25.2%     - 4974s
     0     0 116951.765    0 1730 156253.375 116951.765  25.2%     - 4979s
     0     0 116951.769    0 1727 156253.375 116951.769  25.2%     - 4980s
     0     0 116988.081    0 1755 156253.375 116988.081  25.1%     - 5194s
     0     0 116988.197    0 1758 156253.375 116988.197  25.1%     - 5203s
     0     0 116991.324    0 1771 156253.375 116991.324  25.1%     - 5262s
     0     0 116991.552    0 1770 156253.375 116991.552  25.1%     - 5276s
     0     0 116992.966    0 1779 156253.375 116992.966  25.1%     - 5320s
     0     0 116992.966    0 1778 156253.375 116992.966  25.1%     - 5320s
     0     0 116993.037    0 1781 156253.375 116993.037  25.1%     - 5330s
     0     0 117004.399    0 1766 156253.375 117004.399  25.1%     - 5502s
     0     0 117004.441    0 1769 156253.375 117004.441  25.1%     - 5510s
     0     0 117005.998    0 1771 156253.375 117005.998  25.1%     - 5555s
     0     0 117006.386    0 1776 156253.375 117006.386  25.1%     - 5576s
     0     0 117006.409    0 1781 156253.375 117006.409  25.1%     - 5583s
     0     0 117012.269    0 1750 156253.375 117012.269  25.1%     - 5647s
     0     0 117012.790    0 1768 156253.375 117012.790  25.1%     - 5670s
     0     0 117012.790    0 1768 156253.375 117012.790  25.1%     - 5676s
     0     0 117015.511    0 1758 156253.375 117015.511  25.1%     - 5728s
     0     0 117015.685    0 1760 156253.375 117015.685  25.1%     - 5734s
     0     0 117015.687    0 1758 156253.375 117015.687  25.1%     - 5735s
     0     0 117015.690    0 1756 156253.375 117015.690  25.1%     - 5735s
     0     0 117016.711    0 1767 156253.375 117016.711  25.1%     - 5745s
     0     0 117017.445    0 1758 156253.375 117017.445  25.1%     - 5771s
     0     0 117017.562    0 1765 156253.375 117017.562  25.1%     - 5780s
     0     0 117017.562    0 1764 156253.375 117017.562  25.1%     - 5781s
     0     0 117018.483    0 1751 156253.375 117018.483  25.1%     - 5793s
     0     0 117019.773    0 1739 156253.375 117019.773  25.1%     - 5820s
     0     0 117019.881    0 1737 156253.375 117019.881  25.1%     - 5821s
     0     0 117019.944    0 1734 156253.375 117019.944  25.1%     - 5823s
     0     0 117026.820    0 1742 156253.375 117026.820  25.1%     - 5841s
     0     0 117026.820    0 1746 156253.375 117026.820  25.1%     - 5876s
     0     0 117026.820    0 1749 156253.375 117026.820  25.1%     - 5877s
     0     0 117026.820    0 1750 156253.375 117026.820  25.1%     - 5886s
     0     0 117026.820    0 1744 156253.375 117026.820  25.1%     - 5907s
     0     0 117026.820    0 1740 156253.375 117026.820  25.1%     - 5911s
     0     0 117026.820    0 1746 156253.375 117026.820  25.1%     - 5922s
     0     0 117026.820    0 1741 156253.375 117026.820  25.1%     - 5945s
     0     0 117026.820    0 1737 156253.375 117026.820  25.1%     - 5951s
     0     2 117087.836    0 1737 156253.375 117087.836  25.1%     - 6445s
     1     3 117087.836    1 1726 156253.375 117087.836  25.1%  5486 6492s
     2     4 117087.836    1 1738 156253.375 117087.836  25.1%  4539 6531s
     3     5 117087.836    2 1727 156253.375 117087.836  25.1%  5085 6592s
     4     8 117087.836    2 1731 156253.375 117087.836  25.1%  5114 6651s
     7    13 117087.836    3 1729 156253.375 117087.836  25.1%  4951 6868s
    12    23 117087.836    4 1738 156253.375 117087.836  25.1%  7057 7072s

Cutting planes:
  Learned: 3
  Gomory: 43
  Cover: 84
  Implied bound: 2566
  Clique: 14
  MIR: 491
  StrongCG: 3
  Flow cover: 441
  GUB cover: 46
  Network: 19
  RLT: 171
  Relax-and-lift: 493
  BQP: 16

Explored 22 nodes (737608 simplex iterations) in 7200.83 seconds (11645.77 work units)
Thread count was 32 (of 64 available processors)

Solution count 2: 156253 156253 

Time limit reached
Best objective 1.562533747521e+05, best bound 1.170878362795e+05, gap 25.0654%

User-callback calls 741060, time in user-callback 0.04 sec

Gurobi 12.0.3 (linux64, C++) logging started Thu Nov 20 23:06:06 2025

Set parameter LicenseID to value 2723399
Set parameter TimeLimit to value 7200
Set parameter MIPGap to value 0
Set parameter LogFile to value "two_index_formulation_original.log"
Gurobi Optimizer version 12.0.3 build v12.0.3rc0 (linux64 - "Ubuntu 24.04.2 LTS")

CPU model: AMD Ryzen Threadripper 7970X 32-Cores, instruction set [SSE2|AVX|AVX2|AVX512]
Thread count: 32 physical cores, 64 logical processors, using up to 32 threads

Non-default parameters:
TimeLimit  7200
MIPGap  0

Optimize a model with 2364633 rows, 3295958 columns and 24416985 nonzeros
Model fingerprint: 0xc95b639f
Variable types: 2197654 continuous, 1098304 integer (1098304 binary)
Coefficient statistics:
  Matrix range     [1e+00, 2e+03]
  Objective range  [1e+00, 1e+04]
  Bounds range     [1e+00, 2e+03]
  RHS range        [1e+00, 5e+02]

User MIP start produced solution with objective 641561 (3.25s)
Loaded user MIP start with objective 641561
Processed MIP start in 3.57 seconds (3.11 work units)

Presolve removed 2286890 rows and 3242333 columns
Presolve time: 3.68s
Presolved: 77743 rows, 53625 columns, 485915 nonzeros
Variable types: 32378 continuous, 21247 integer (21176 binary)
Performing another presolve...
Presolve removed 8166 rows and 1573 columns
Presolve time: 1.19s
Deterministic concurrent LP optimizer: primal and dual simplex
Showing primal log only...


Root simplex log...

Iteration    Objective       Primal Inf.    Dual Inf.      Time
       0    4.3269934e+05   2.892492e+04   1.838584e+10      9s
   20883    5.3670358e+05   3.361994e+03   1.388443e+10     10s
   51171    9.8319494e+05   1.091890e+02   6.100665e+10     15s
   66632    9.4707862e+05   0.000000e+00   1.756410e+08     20s
   74402    8.7704350e+05   0.000000e+00   3.010237e+07     25s
Warning: Markowitz tolerance tightened to 0.03125
   81202    8.3678331e+05   0.000000e+00   2.165909e+07     30s
   87262    7.9762891e+05   0.000000e+00   1.262102e+08     35s
Concurrent spin time: 0.00s

Solved with dual simplex

Root simplex log...

Iteration    Objective       Primal Inf.    Dual Inf.      Time
  102369    5.6802649e+05   0.000000e+00   0.000000e+00     36s

Root relaxation: objective 5.680265e+05, 102369 iterations, 27.16 seconds (59.72 work units)
Total elapsed time = 36.24s (DegenMoves)

    Nodes    |    Current Node    |     Objective Bounds      |     Work
 Expl Unexpl |  Obj  Depth IntInf | Incumbent    BestBd   Gap | It/Node Time

     0     0 568026.494    0  905 641560.522 568026.494  11.5%     -   37s
     0     0 568299.400    0  900 641560.522 568299.400  11.4%     -   37s
     0     0 568300.058    0  896 641560.522 568300.058  11.4%     -   37s
     0     0 577198.880    0 1016 641560.522 577198.880  10.0%     -   47s
     0     0 578078.242    0 1040 641560.522 578078.242  9.89%     -   52s
     0     0 578294.728    0 1068 641560.522 578294.728  9.86%     -   53s
     0     0 578299.283    0 1073 641560.522 578299.283  9.86%     -   53s
     0     0 578299.412    0 1080 641560.522 578299.412  9.86%     -   53s
     0     0 584472.581    0 1020 641560.522 584472.581  8.90%     -   62s
     0     0 585526.043    0 1097 641560.522 585526.043  8.73%     -   66s
     0     0 585684.117    0 1109 641560.522 585684.117  8.71%     -   67s
     0     0 585732.274    0 1122 641560.522 585732.274  8.70%     -   67s
     0     0 585742.025    0 1125 641560.522 585742.025  8.70%     -   67s
     0     0 585742.115    0 1123 641560.522 585742.115  8.70%     -   67s
     0     0 591617.164    0 1067 641560.522 591617.164  7.78%     -   76s
     0     0 592216.011    0 1144 641560.522 592216.011  7.69%     -   79s
     0     0 592348.197    0 1164 641560.522 592348.197  7.67%     -   80s
     0     0 592369.964    0 1167 641560.522 592369.964  7.67%     -   81s
     0     0 592382.831    0 1165 641560.522 592382.831  7.67%     -   81s
     0     0 592384.335    0 1166 641560.522 592384.335  7.67%     -   81s
     0     0 593771.029    0 1124 641560.522 593771.029  7.45%     -   86s
     0     0 593932.287    0 1155 641560.522 593932.287  7.42%     -   88s
     0     0 593968.634    0 1178 641560.522 593968.634  7.42%     -   88s
     0     0 593978.288    0 1181 641560.522 593978.288  7.42%     -   89s
     0     0 593981.955    0 1186 641560.522 593981.955  7.42%     -   89s
     0     0 594907.984    0 1171 641560.522 594907.984  7.27%     -   93s
     0     0 594908.473    0 1173 641560.522 594908.473  7.27%     -   93s
     0     0 595000.414    0 1190 641560.522 595000.414  7.26%     -   94s
     0     0 595077.289    0 1212 641560.522 595077.289  7.25%     -   95s
     0     0 595084.425    0 1222 641560.522 595084.425  7.24%     -   95s
     0     0 595086.084    0 1218 641560.522 595086.084  7.24%     -   95s
     0     0 595782.176    0 1186 641560.522 595782.176  7.14%     -   99s
     0     0 595852.127    0 1176 641560.522 595852.127  7.12%     -  104s
     0     0 595861.921    0 1200 641560.522 595861.921  7.12%     -  104s
     0     0 595863.992    0 1187 641560.522 595863.992  7.12%     -  105s
     0     0 596488.844    0 1151 641560.522 596488.844  7.03%     -  107s
     0     0 596573.485    0 1175 641560.522 596573.485  7.01%     -  108s
     0     0 596603.417    0 1207 641560.522 596603.417  7.01%     -  108s
     0     0 596605.784    0 1207 641560.522 596605.784  7.01%     -  108s
     0     0 596830.320    0 1164 641560.522 596830.320  6.97%     -  110s
     0     0 596830.998    0 1166 641560.522 596830.998  6.97%     -  110s
     0     0 596871.051    0 1177 641560.522 596871.051  6.97%     -  111s
     0     0 596875.973    0 1203 641560.522 596875.973  6.96%     -  111s
     0     0 597245.230    0 1173 641560.522 597245.230  6.91%     -  113s
     0     0 597318.763    0 1157 641560.522 597318.763  6.90%     -  114s
     0     0 597323.763    0 1174 641560.522 597323.763  6.90%     -  114s
     0     0 597433.258    0 1170 641560.522 597433.258  6.88%     -  115s
     0     0 597451.541    0 1185 641560.522 597451.541  6.88%     -  116s
     0     0 597455.651    0 1187 641560.522 597455.651  6.87%     -  116s
     0     0 597608.645    0 1181 641560.522 597608.645  6.85%     -  117s
     0     0 597623.304    0 1172 641560.522 597623.304  6.85%     -  118s
     0     0 597624.448    0 1176 641560.522 597624.448  6.85%     -  118s
     0     0 597658.097    0 1189 641560.522 597658.097  6.84%     -  119s
     0     0 597669.374    0 1193 641560.522 597669.374  6.84%     -  119s
     0     0 597669.589    0 1195 641560.522 597669.589  6.84%     -  119s
     0     0 597675.086    0 1169 641560.522 597675.086  6.84%     -  120s
     0     0 597675.727    0 1169 641560.522 597675.727  6.84%     -  120s
     0     2 597691.621    0 1169 641560.522 597691.621  6.84%     -  124s
     1     5 597691.621    1 1161 641560.522 597691.621  6.84%   101  125s
    15    32 598263.892    4 1161 641560.522 597982.457  6.79%  1310  133s
    31    64 598386.129    5 1163 641560.522 598267.413  6.75%  2329  137s
    63    96 598600.629    6 1153 641560.522 598389.217  6.73%  1855  140s
    95   128 598663.128    7 1153 641560.522 598389.217  6.73%  1442  145s
   159   192 598773.023    9 1153 641560.522 598389.217  6.73%   984  152s
   191   224 598818.860   10 1162 641560.522 598389.217  6.73%   869  158s
   223   256 598833.547   11 1156 641560.522 598389.217  6.73%   801  164s
   255   286 598911.159   12 1152 641560.522 598389.217  6.73%   762  169s
   289   315 598991.528   13 1158 641560.522 598389.217  6.73%   742  174s
   324   344 599206.511   14 1157 641560.522 598389.217  6.73%   728  177s
   358   373 infeasible   14      641560.522 598389.217  6.73%   691  180s
   438   448 600578.113   16 1155 641560.522 598389.217  6.73%   663  186s
   470   486 600600.843   17 1154 641560.522 598389.217  6.73%   658  202s
   508   583 600651.496   18 1160 641560.522 598389.217  6.73%   631  205s
   720   806 600865.107   27 1155 641560.522 598389.217  6.73%   558  213s
   840   912 600937.245   31 1146 641560.522 598389.217  6.73%   521  215s
  1050  1100 601205.229   38 1154 641560.522 598389.217  6.73%   488  221s
  1253  1299 601978.051   43 1140 641560.522 598389.217  6.73%   488  227s
  1365  1442 601993.078   44 1135 641560.522 598389.217  6.73%   485  231s
  1508  1571 602153.717   51 1126 641560.522 598389.217  6.73%   476  235s
  1641  1726 602492.260   57 1121 641560.522 598389.217  6.73%   472  241s
  1800  1891 602671.400   62 1114 641560.522 598389.217  6.73%   466  245s
  2138  2219 603117.753   71 1108 641560.522 598389.217  6.73%   452  254s
  2301  2410 603287.212   75 1110 641560.522 598389.217  6.73%   453  261s
  2494  2615 603567.988   79 1127 641560.522 598389.217  6.73%   447  268s
  2699  2815 603547.732   81 1132 641560.522 598389.217  6.73%   441  276s
  2905  3012 603847.256   85 1129 641560.522 598389.217  6.73%   437  284s
  3102  3194 604079.657   87 1119 641560.522 598389.217  6.73%   434  292s
  3292  3406 604250.896   88 1105 641560.522 598389.217  6.73%   436  301s
  3516  3630 604409.309   92 1093 641560.522 598389.217  6.73%   432  311s
  3744  3846 604608.397   95 1097 641560.522 598389.217  6.73%   430  320s
  3987  4078 604669.610   97 1094 641560.522 598389.217  6.73%   426  330s
  4231  4292 605177.080  101 1087 641560.522 598389.217  6.73%   426  342s
  4480  4513 605548.864  107 1090 641560.522 598594.310  6.70%   425  353s
  4711  4759 606535.785  112 1094 641560.522 598594.310  6.70%   427  365s
  5002  5030 607038.287  124 1079 641560.522 598594.310  6.70%   424  377s
  5333  5294 607200.962  131 1067 641560.522 598610.852  6.69%   418  390s
  5645  5568 607708.176  135 1070 641560.522 598622.410  6.69%   415  404s
  5941  5858 608016.944  138 1075 641560.522 598631.615  6.69%   415  418s
  6252  6172 608982.157  145 1073 641560.522 598633.650  6.69%   414  433s
  6606  6470 608733.718  147 1081 641560.522 598633.650  6.69%   411  448s
  6952  6860 609421.901  153 1041 641560.522 598633.650  6.69%   410  464s
  7368  7254 609510.402  164 1052 641560.522 598633.650  6.69%   406  480s
  7797  7721 610073.513  169 1055 641560.522 598660.311  6.69%   402  497s
  8307  7750 610615.018  180 1052 641560.522 598660.311  6.69%   396  519s
  8342  7781 610872.783  180 1057 641560.522 598660.311  6.69%   396  536s
  8374  7812 610618.085  181 1051 641560.522 598660.311  6.69%   396  548s
  8407  7842 610640.567  182 1054 641560.522 598660.311  6.69%   396  560s
  8441  7873 610644.915  183 1048 641560.522 598660.311  6.69%   396  571s
  8474  7904 611187.192  184 1042 641560.522 598660.311  6.69%   397  582s
  8507  7934 610782.454  184 1048 641560.522 598660.311  6.69%   396  592s
  8541  7964 610796.341  185 1054 641560.522 598660.311  6.69%   396  604s
  8575  8127 610819.981  186 1063 641560.522 598660.311  6.69%   396  617s
  8740  8577 610869.159  187 1063 641560.522 598660.311  6.69%   393  634s
  9198  9133 610879.746  188 1061 641560.522 598660.311  6.69%   387  652s
  9787  9779 611753.845  205 1037 641560.522 598660.311  6.69%   380  673s
 10483 10327 612370.142  229 1053 641560.522 598666.946  6.69%   373  695s
 11092 11026 613651.557  252 1025 641560.522 598673.222  6.68%   371  718s
 11861 11652 615860.774  276  995 641560.522 598673.222  6.68%   366  742s
 12606 12212 618680.293  299  995 641560.522 598673.222  6.68%   363  766s
 13266 12213 602367.037    9 10429 641560.522 598673.222  6.68%   363  985s
 13268 12214 605485.692   91  906 641560.522 598673.222  6.68%   363  998s
 13269 12215 605054.917   41  993 641560.522 598673.222  6.68%   363 1004s
 13270 12216 603097.047   67 1047 641560.522 598673.222  6.68%   363 1010s
 13272 12217 632953.369  259 1134 641560.522 598673.222  6.68%   363 1017s
 13274 12218 616965.771  201 1145 641560.522 598673.222  6.68%   363 1023s
 13276 12220 604967.797   13 1139 641560.522 598673.222  6.68%   363 1026s
 13280 12222 636028.517  278 1183 641560.522 598673.222  6.68%   363 1030s
 13289 12228 600589.593   12 1177 641560.522 598673.222  6.68%   363 1035s
 13291 12230 623676.712   71 1184 641560.522 599378.623  6.57%   362 1040s
 13296 12233 629280.527  119 1218 641560.522 599468.604  6.56%   362 1045s
 13297 12234 609160.859   87 1236 641560.522 599960.977  6.48%   362 1051s
 13303 12238 616127.399   52 1273 641560.522 600169.634  6.45%   362 1055s
 13305 12239 637668.605  144 1233 641560.522 600560.760  6.39%   362 1062s
 13310 12242 612549.202   98 1253 641560.522 600641.050  6.38%   362 1065s
 13314 12245 618892.932  107 1268 641560.522 600938.981  6.33%   362 1072s
 13318 12248 618516.583  192 1301 641560.522 601036.705  6.32%   362 1075s
 13321 12250 609659.337   45 1301 641560.522 601336.207  6.27%   362 1083s
 13323 12251 624280.825  195 1328 641560.522 601424.171  6.26%   362 1085s
 13328 12254 604666.854   14 1328 641560.522 601672.915  6.22%   361 1093s
 13330 12256 608781.731   66 1320 641560.522 601709.957  6.21%   361 1095s
 13336 12260 611887.190   98 1310 641560.522 601873.502  6.19%   361 1104s
 13337 12260 616513.073  291 1354 641560.522 601909.809  6.18%   361 1107s
 13342 12264 606943.755   78 1358 641560.522 601930.256  6.18%   361 1112s
 13343 12264 638585.225  150 1361 641560.522 602080.983  6.15%   361 1116s
 13348 12268 617372.318  220 1393 641560.522 602099.798  6.15%   361 1121s
 13349 12268 614482.951   21 1377 641560.522 602203.298  6.13%   361 1126s
 13356 12273 614204.747  161 1416 641560.522 602224.397  6.13%   361 1133s
 13357 12274 605420.491   87 1406 641560.522 602300.779  6.12%   361 1137s
 13362 12277 631468.512  234 1405 641560.522 602308.129  6.12%   361 1140s
 13364 12278 615743.511  263 1384 641560.522 602381.421  6.11%   360 1157s
 13366 12280 602435.217    9 1401 641560.522 602435.217  6.10%   360 1161s
 13372 12284 632953.369  259 1422 641560.522 602439.625  6.10%   360 1165s
 13373 12284 611986.748   95 1375 641560.522 602624.812  6.07%   360 1170s
 13380 12289 636028.517  278 1430 641560.522 602708.603  6.06%   360 1177s
 13381 12290 624326.195   92 1408 641560.522 602838.060  6.04%   360 1183s
 13383 12291 607743.009   74 1436 641560.522 602877.479  6.03%   360 1185s
 13387 12294 605719.398   27 1443 641560.522 602883.111  6.03%   360 1190s
 13390 12296 605336.472   44 1453 641560.522 602954.926  6.02%   360 1195s
 13393 12298 607573.800   91 1470 641560.522 602956.801  6.02%   360 1200s
 13394 12298 603063.310   22 1445 641560.522 603063.310  6.00%   360 1205s
 13401 12303 607183.537   94 1481 641560.522 603130.631  5.99%   359 1210s
 13403 12304 616127.399   52 1479 641560.522 603213.914  5.98%   359 1218s
 13404 12305 616127.399   52 1495 641560.522 603298.234  5.96%   359 1222s
 13407 12307 607309.863   96 1506 641560.522 603339.513  5.96%   359 1225s
 13412 12310 610943.710  124 1497 641560.522 603416.720  5.95%   359 1232s
 13414 12312 618892.932  107 1514 641560.522 603430.284  5.94%   359 1235s
 13419 12315 616124.939  270 1493 641560.522 603486.448  5.93%   359 1242s
 13423 12318 624280.825  195 1543 641560.522 603490.730  5.93%   359 1245s
 13427 12320 603516.868   52 1539 641560.522 603516.868  5.93%   359 1251s
 13432 12324 614211.704  160 1559 641560.522 603536.427  5.93%   359 1255s
 13434 12325 603567.035   17 1546 641560.522 603567.035  5.92%   359 1261s
 13439 12328 615437.874   64 1568 641560.522 603570.335  5.92%   358 1266s
 13441 12330 614650.858  180 1533 641560.522 603600.149  5.92%   358 1270s
 13447 12334 606649.072   83 1528 641560.522 603642.456  5.91%   358 1278s
 13449 12335 614482.951   21 1564 641560.522 603650.862  5.91%   358 1280s
 13455 12339 630520.903  245 1552 641560.522 603686.334  5.90%   358 1287s
 13458 12341 604995.821   77 1579 641560.522 603697.943  5.90%   358 1290s
 13462 12344 631468.512  234 1570 641560.522 603727.875  5.90%   358 1296s
 13467 12347 607123.576  100 1588 641560.522 603744.749  5.89%   358 1300s
 13469 12348 605054.917   41 1557 641560.522 603770.737  5.89%   358 1305s
 13477 12354 621248.393  303 1598 641560.522 603781.237  5.89%   357 1312s
 13478 12354 607744.815  128 1566 641560.522 603805.587  5.88%   357 1316s
 13483 12358 607743.009   74 1586 641560.522 603815.467  5.88%   357 1322s
 13484 12358 610876.763  121 1563 641560.522 603832.676  5.88%   357 1325s
 13493 12364 607573.800   91 1611 641560.522 603838.213  5.88%   357 1331s
 13495 12366 632429.023  150 1602 641560.522 603856.580  5.88%   357 1335s
 13500 12369 617610.706  201 1583 641560.522 603876.881  5.87%   357 1341s
 13506 12373 609104.070   34 1634 641560.522 603884.443  5.87%   357 1346s
 13509 12375 615648.724   94 1594 641560.522 603919.387  5.87%   357 1350s
 13513 12378 603958.025   10 1585 641560.522 603958.025  5.86%   357 1359s
 13514 12378 618892.932  107 1606 641560.522 603963.862  5.86%   356 1360s
 13520 12382 610963.989  113 1598 641560.522 604017.850  5.85%   356 1367s
 13523 12384 624280.825  195 1625 641560.522 604034.900  5.85%   356 1370s
 13528 12388 604666.854   14 1602 641560.522 604067.043  5.84%   356 1377s
 13530 12389 608781.731   66 1627 641560.522 604073.742  5.84%   356 1380s
 13535 12392 627119.792  256 1639 641560.522 604094.387  5.84%   356 1387s
 13539 12395 615437.874   64 1657 641560.522 604098.756  5.84%   356 1390s
 13542 12397 606943.755   78 1638 641560.522 604130.720  5.83%   356 1396s
 13546 12400 604132.438   30 1638 641560.522 604132.438  5.83%   356 1400s
 13550 12402 604153.711   11 1640 641560.522 604153.711  5.83%   356 1406s
 13556 12406 614204.747  161 1658 641560.522 604161.663  5.83%   355 1412s
 13558 12408 604995.821   77 1644 641560.522 604190.101  5.82%   355 1415s
 13564 12412 615743.511  263 1674 641560.522 604190.101  5.82%   355 1421s
 13567 12414 607123.576  100 1685 641560.522 604195.448  5.82%   355 1425s
 13570 12416 604215.036   67 1636 641560.522 604215.036  5.82%   355 1436s
 13575 12419 606906.789   69 1668 641560.522 604215.290  5.82%   355 1440s
 13578 12421 607744.815  128 1659 641560.522 604229.707  5.82%   355 1446s
 13582 12424 604232.888   24 1681 641560.522 604232.888  5.82%   355 1450s
 13586 12426 620275.073  274 1660 641560.522 604255.320  5.81%   355 1456s
 13592 12430 624305.825  189 1673 641560.522 604259.126  5.81%   354 1462s
 13593 12431 607573.800   91 1642 641560.522 604270.581  5.81%   354 1465s
 13598 12434 631906.536  416 1680 641560.522 604277.614  5.81%   354 1471s
 13601 12436 607183.537   94 1664 641560.522 604289.981  5.81%   354 1475s
 13605 12439 637668.605  144 1642 641560.522 604307.715  5.81%   354 1481s
 13610 12442 612549.202   98 1694 641560.522 604311.318  5.81%   354 1487s
 13612 12444 610943.710  124 1665 641560.522 604326.760  5.80%   354 1490s
 13615 12446 615915.756  278 1692 641560.522 604327.669  5.80%   354 1495s
 13621 12450 609659.337   45 1690 641560.522 604345.463  5.80%   354 1500s
 13623 12451 624280.825  195 1655 641560.522 604353.489  5.80%   354 1505s
 13627 12454 604355.173   52 1686 641560.522 604355.173  5.80%   354 1510s
 13629 12455 615409.680  161 1668 641560.522 604390.586  5.79%   353 1515s
 13636 12460 611887.190   98 1652 641560.522 604437.976  5.79%   353 1523s
 13638 12461 619519.985  229 1671 641560.522 604445.938  5.79%   353 1525s
 13642 12464 606943.755   78 1646 641560.522 604466.717  5.78%   353 1533s
 13643 12464 638585.225  150 1669 641560.522 604473.786  5.78%   353 1535s
 13646 12466 604478.957   30 1695 641560.522 604478.957  5.78%   353 1540s
 13651 12470 610495.396   86 1697 641560.522 604502.853  5.78%   353 1545s
 13653 12471 604828.298   79 1691 641560.522 604515.522  5.77%   353 1550s
 13659 12475 634175.993  140 1699 641560.522 604519.585  5.77%   353 1555s
 13660 12476 604528.307    9 1701 641560.522 604528.307  5.77%   353 1781s
 13661 12476 613993.932  131 1723 641560.522 604528.307  5.77%   353 1813s
 13663 12478 608436.461   93 1734 641560.522 604528.307  5.77%   353 1817s
 13664 12478 615743.511  263 1633 641560.522 604561.944  5.77%   353 1820s
 13669 12482 605054.917   41 1682 641560.522 604576.649  5.76%   352 1826s
 13672 12484 632953.369  259 1681 641560.522 604633.614  5.76%   352 1830s
 13676 12486 604967.797   13 1635 641560.522 604657.217  5.75%   352 1837s
 13681 12490 624326.195   92 1691 641560.522 604665.557  5.75%   352 1840s
 13683 12491 607743.009   74 1691 641560.522 604681.811  5.75%   352 1845s
 13688 12494 604681.811   54 1714 641560.522 604681.811  5.75%   352 1850s
 13691 12496 623676.712   71 1715 641560.522 604686.904  5.75%   352 1855s
 13694 12498 604697.429   22 1707 641560.522 604697.429  5.75%   352 1861s
 13702 12504 616204.063  121 1718 641560.522 604703.737  5.74%   352 1867s
 13703 12504 616127.399   52 1708 641560.522 604710.127  5.74%   352 1870s
 13709 12508 615648.724   94 1718 641560.522 604715.202  5.74%   351 1877s
 13714 12512 618892.932  107 1731 641560.522 604718.286  5.74%   351 1880s
 13717 12514 605544.888  106 1734 641560.522 604722.710  5.74%   351 1885s
 13721 12516 609659.337   45 1725 641560.522 604723.430  5.74%   351 1890s
 13725 12519 626283.074  280 1730 641560.522 604736.416  5.74%   351 1895s
 13730 12522 608781.731   66 1710 641560.522 604746.909  5.74%   351 1902s
 13736 12526 611887.190   98 1743 641560.522 604750.327  5.74%   351 1907s
 13737 12527 616513.073  291 1725 641560.522 604766.215  5.74%   351 1910s
 13742 12530 606943.755   78 1721 641560.522 604766.215  5.74%   351 1916s
 13744 12532 631881.454  414 1727 641560.522 604777.731  5.73%   351 1921s
 13749 12535 614482.951   21 1733 641560.522 604780.360  5.73%   350 1926s
 13752 12537 605133.773   92 1741 641560.522 604789.179  5.73%   350 1930s
 13756 12540 614204.747  161 1720 641560.522 604803.445  5.73%   350 1937s
 13761 12543 613993.932  131 1762 641560.522 604804.087  5.73%   350 1942s
 13762 12544 631468.512  234 1752 641560.522 604811.491  5.73%   350 1946s
 13767 12547 607123.576  100 1768 641560.522 604814.861  5.73%   350 1952s
 13768 12548 605485.692   91 1721 641560.522 604825.358  5.73%   350 1955s
 13774 12552 616965.771  201 1758 641560.522 604830.193  5.73%   350 1962s
 13777 12554 621248.393  303 1718 641560.522 604836.196  5.72%   350 1965s
 13781 12556 624326.195   92 1694 641560.522 604851.480  5.72%   350 1972s
 13786 12560 620275.073  274 1710 641560.522 604851.480  5.72%   349 1978s
 13787 12560 605719.398   27 1714 641560.522 604856.816  5.72%   349 1980s
 13793 12564 607573.800   91 1746 641560.522 604859.009  5.72%   349 1986s
 13795 12566 632429.023  150 1746 641560.522 604882.581  5.72%   349 1990s
 13800 12569 617610.706  201 1768 641560.522 604882.581  5.72%   349 1995s
 13804 12572 616127.399   52 1733 641560.522 604882.581  5.72%   349 2000s
 13808 12574 613548.762  113 1736 641560.522 604882.581  5.72%   349 2006s
 13815 12579 615915.756  278 1754 641560.522 604883.092  5.72%   349 2012s
 13816 12580 604898.929   13 1736 641560.522 604898.929  5.71%   349 2015s
 13822 12584 608047.659   65 1757 641560.522 604898.929  5.71%   349 2021s
 13823 12584 624280.825  195 1744 641560.522 604918.205  5.71%   349 2025s
 13827 12587 604918.205   52 1738 641560.522 604918.205  5.71%   348 2032s
 13830 12589 608781.731   66 1748 641560.522 604918.205  5.71%   348 2036s
 13832 12590 614211.704  160 1696 641560.522 604918.205  5.71%   348 2041s
 13835 12592 627119.792  256 1699 641560.522 604918.205  5.71%   348 2045s
 13839 12595 615437.874   64 1719 641560.522 604924.119  5.71%   348 2050s
 13841 12596 614650.858  180 1739 641560.522 604924.811  5.71%   348 2055s
 13845 12599 618961.732   75 1737 641560.522 604931.738  5.71%   348 2062s
 13849 12602 614482.951   21 1751 641560.522 604939.689  5.71%   348 2065s
 13853 12604 604978.642   79 1730 641560.522 604978.642  5.70%   348 2072s
 13857 12607 605420.491   87 1757 641560.522 604978.642  5.70%   348 2077s
 13859 12608 634175.993  140 1733 641560.522 604978.642  5.70%   348 2080s
 13864 12612 615743.511  263 1759 641560.522 604978.642  5.70%   347 2085s
 13869 12615 605054.917   41 1755 641560.522 604978.642  5.70%   347 2092s
 13870 12616 604978.642   67 1741 641560.522 604978.642  5.70%   347 2095s
 13874 12618 616965.771  201 1767 641560.522 604978.642  5.70%   347 2100s
 13879 12622 605653.147   23 1762 641560.522 604989.082  5.70%   347 2105s
 13881 12623 624326.195   92 1751 641560.522 604996.211  5.70%   347 2111s
 13885 12626 621841.292  179 1765 641560.522 604996.211  5.70%   347 2116s
 13887 12627 605719.398   27 1746 641560.522 604996.211  5.70%   347 2120s
 13891 12630 623676.712   71 1755 641560.522 605011.830  5.70%   347 2127s
 13895 12632 632429.023  150 1768 641560.522 605011.830  5.70%   347 2132s
 13896 12633 629280.527  119 1758 641560.522 605011.830  5.70%   347 2135s
 13899 12635 609543.762  154 1741 641560.522 605011.830  5.70%   347 2140s
 13903 12638 616127.399   52 1756 641560.522 605011.830  5.70%   347 2147s
 13904 12638 616127.399   52 1748 641560.522 605016.844  5.70%   346 2150s
 13911 12643 637823.311  223 1758 641560.522 605016.844  5.70%   346 2156s
 13914 12645 618892.932  107 1773 641560.522 605020.296  5.70%   346 2160s
 13918 12648 618516.583  192 1760 641560.522 605025.445  5.69%   346 2166s
 13920 12649 610963.989  113 1749 641560.522 605025.445  5.69%   346 2170s
 13925 12652 626283.074  280 1762 641560.522 605027.771  5.69%   346 2177s
 13926 12653 608735.798   38 1726 641560.522 605040.681  5.69%   346 2181s
 13931 12656 605045.912   31 1796 641560.522 605045.912  5.69%   346 2187s
 13934 12660 605048.668   17 10428 641560.522 605048.668  5.69%   370 2196s
 13936 12661 611887.190   98  926 641560.522 605048.668  5.69%   370 2209s
 13937 12662 616513.073  291 1017 641560.522 605048.668  5.69%   370 2216s
 13938 12663 619519.985  229 1120 641560.522 605048.668  5.69%   370 2223s
 13939 12663 615437.874   64 1156 641560.522 605048.668  5.69%   370 2233s
 13940 12664 608555.089  105 1200 641560.522 605048.668  5.69%   370 2245s
 13941 12665 614650.858  180 1249 641560.522 605054.862  5.69%   370 2253s
 13942 12665 606943.755   78 1296 641560.522 605054.862  5.69%   370 2266s
 13943 12666 638585.225  150 1326 641560.522 605054.909  5.69%   370 2278s
 13944 12667 631881.454  414 1365 641560.522 605054.909  5.69%   370 2285s
 13945 12667 618961.732   75 1394 641560.522 605079.865  5.69%   370 2294s
 13946 12668 605079.865   30 1463 641560.522 605079.865  5.69%   370 2299s
 13947 12669 606649.072   83 1480 641560.522 605079.865  5.69%   370 2303s
 13948 12669 617372.318  220 1500 641560.522 605079.865  5.69%   370 2308s
 13949 12670 614482.951   21 1502 641560.522 605079.865  5.69%   370 2313s
 13950 12671 605079.865   11 1510 641560.522 605079.865  5.69%   370 2318s
 13951 12671 610495.396   86 1542 641560.522 605079.865  5.69%   369 2324s
 13952 12672 605133.773   92 1578 641560.522 605079.865  5.69%   369 2327s
 13954 12673 609927.761  155 1608 641560.522 605079.865  5.69%   369 2331s
 13957 12675 605420.491   87 1657 641560.522 605079.865  5.69%   369 2335s
 13964 12680 615743.511  263 1684 641560.522 605079.865  5.69%   369 2342s
 13965 12681 609927.408  158 1658 641560.522 605100.337  5.68%   369 2350s
 13968 12683 605485.692   91 1635 641560.522 605136.770  5.68%   369 2355s
 13971 12685 614747.374  122 1564 641560.522 605177.013  5.67%   369 2365s
 13976 12688 605193.357   13 1564 641560.522 605193.357  5.67%   369 2373s
 13977 12689 621248.393  303 1545 641560.522 605234.509  5.66%   369 2377s
 13979 12690 605653.147   23 1559 641560.522 605255.869  5.66%   369 2380s
 13982 12692 605258.003   24 1561 641560.522 605258.003  5.66%   369 2385s
 13983 12693 607743.009   74 1603 641560.522 605307.233  5.65%   369 2390s
 13987 12695 605719.398   27 1587 641560.522 605307.233  5.65%   369 2396s
 13988 12696 605319.734   54 1566 641560.522 605319.734  5.65%   369 2402s
 13992 12699 624305.825  189 1577 641560.522 605324.623  5.65%   368 2405s
 13994 12700 605332.015   22 1602 641560.522 605332.015  5.65%   368 2410s
 14000 12704 617610.706  201 1594 641560.522 605332.015  5.65%   368 2416s
 14002 12705 616204.063  121 1551 641560.522 605344.266  5.65%   368 2420s
 14005 12707 637668.605  144 1581 641560.522 605344.266  5.65%   368 2425s
 14008 12709 613548.762  113 1577 641560.522 605356.478  5.64%   368 2430s
 14015 12714 615915.756  278 1587 641560.522 605359.138  5.64%   368 2436s
 14016 12715 605367.992   13 1577 641560.522 605367.992  5.64%   368 2441s
 14020 12717 610963.989  113 1603 641560.522 605367.992  5.64%   368 2447s
 14021 12718 609659.337   45 1582 641560.522 605378.920  5.64%   368 2451s
 14025 12721 626283.074  280 1595 641560.522 605378.920  5.64%   368 2456s
 14026 12721 608735.798   38 1592 641560.522 605397.168  5.64%   368 2470s
 14030 12724 608781.731   66 1603 641560.522 605400.887  5.64%   367 2477s
 14031 12725 605422.184   31 1568 641560.522 605422.184  5.63%   367 2480s
 14040 12731 608555.089  105 1649 641560.522 605440.135  5.63%   367 2488s
 14041 12731 614650.858  180 1632 641560.522 605452.681  5.63%   367 2491s
 14046 12735 605452.681   30 1657 641560.522 605452.681  5.63%   367 2497s
 14048 12736 617372.318  220 1627 641560.522 605461.937  5.63%   367 2500s
 14053 12739 605463.393   79 1632 641560.522 605463.393  5.63%   367 2507s
 14054 12740 609927.761  155 1600 641560.522 605506.869  5.62%   367 2513s
 14055 12741 630520.903  245 1561 641560.522 605512.605  5.62%   367 2515s
 14059 12743 634175.993  140 1577 641560.522 605515.998  5.62%   367 2522s
 14060 12744 605527.608    9 1602 641560.522 605527.608  5.62%   367 2525s
 14066 12748 605533.911    9 1639 641560.522 605533.911  5.62%   366 2531s
 14068 12749 605550.123   91 1627 641560.522 605550.123  5.61%   366 2535s
 14073 12753 611986.748   95 1636 641560.522 605551.415  5.61%   366 2542s
 14076 12755 605551.415   13 1653 641560.522 605551.415  5.61%   366 2546s
 14081 12758 624326.195   92 1647 641560.522 605560.211  5.61%   366 2550s
 14085 12761 621841.292  179 1611 641560.522 605576.484  5.61%   366 2556s
 14090 12764 605576.484   44 1646 641560.522 605576.484  5.61%   366 2560s
 14094 12767 605586.822   22 1663 641560.522 605586.822  5.61%   366 2567s
 14097 12769 609160.859   87 1658 641560.522 605591.488  5.61%   366 2570s
 14100 12771 617610.706  201 1670 641560.522 605591.939  5.61%   366 2575s
 14106 12775 609104.070   34 1670 641560.522 605595.925  5.61%   365 2581s
 14109 12777 615648.724   94 1664 641560.522 605595.925  5.61%   365 2585s
 14110 12777 612549.202   98 1678 641560.522 605599.715  5.61%   365 2590s
 14115 12781 615915.756  278 1654 641560.522 605605.454  5.60%   365 2597s
 14118 12783 618516.583  192 1653 641560.522 605612.961  5.60%   365 2600s
 14121 12785 609659.337   45 1664 641560.522 605620.084  5.60%   365 2605s
 14125 12787 626283.074  280 1694 641560.522 605624.088  5.60%   365 2611s
 14131 12791 605624.763   31 1688 641560.522 605624.763  5.60%   365 2616s
 14134 12793 605637.464   17 1685 641560.522 605637.464  5.60%   365 2620s
 14138 12796 619519.985  229 1659 641560.522 605653.571  5.60%   365 2626s
 14143 12799 638585.225  150 1673 641560.522 605660.188  5.60%   364 2632s
 14145 12801 618961.732   75 1632 641560.522 605669.142  5.59%   364 2635s
 14149 12803 614482.951   21 1660 641560.522 605677.932  5.59%   364 2641s
 14153 12806 605677.932   79 1666 641560.522 605677.932  5.59%   364 2646s
 14156 12808 614204.747  161 1680 641560.522 605685.969  5.59%   364 2650s
 14159 12810 634175.993  140 1682 641560.522 605693.137  5.59%   364 2656s
 14164 12813 615743.511  263 1693 641560.522 605695.176  5.59%   364 2660s
 14167 12815 607123.576  100 1698 641560.522 605708.442  5.59%   364 2666s
 14171 12818 614747.374  122 1707 641560.522 605708.442  5.59%   364 2671s
 14174 12820 616965.771  201 1702 641560.522 605708.442  5.59%   364 2675s
 14179 12823 605714.752   23 1661 641560.522 605714.752  5.59%   364 2681s
 14182 12825 605715.596   24 1696 641560.522 605715.596  5.59%   363 2686s
 14183 12826 607743.009   74 1688 641560.522 605736.700  5.58%   363 2694s
 14184 12827 610876.763  121 1695 641560.522 605736.700  5.58%   363 2696s
 14191 12831 623676.712   71 1711 641560.522 605736.700  5.58%   363 2702s
 14192 12832 624305.825  189 1667 641560.522 605739.693  5.58%   363 2706s
 14195 12834 632429.023  150 1660 641560.522 605745.191  5.58%   363 2710s
 14199 12837 609543.762  154 1663 641560.522 605751.988  5.58%   363 2716s
 14202 12839 616204.063  121 1683 641560.522 605751.988  5.58%   363 2720s
 14206 12841 609104.070   34 1686 641560.522 605757.262  5.58%   363 2727s
 14208 12843 613548.762  113 1685 641560.522 605768.292  5.58%   363 2730s
 14214 12847 618892.932  107 1710 641560.522 605768.292  5.58%   363 2736s
 14216 12848 605779.471   13 1726 641560.522 605779.471  5.58%   363 2740s
 14220 12851 610963.989  113 1698 641560.522 605786.251  5.58%   362 2747s
 14223 12853 624280.825  195 1706 641560.522 605789.462  5.58%   362 2750s
 14227 12855 605796.416   52 1717 641560.522 605796.416  5.57%   362 2756s
 14230 12857 608781.731   66 1714 641560.522 605796.416  5.57%   362 2761s
 14232 12859 614211.704  160 1686 641560.522 605811.966  5.57%   362 2765s
 14238 12863 619519.985  229 1705 641560.522 605820.097  5.57%   362 2772s
 14241 12865 614650.858  180 1734 641560.522 605820.097  5.57%   362 2776s
 14243 12866 638585.225  150 1656 641560.522 605839.617  5.57%   362 2780s
 14249 12870 614482.951   21 1689 641560.522 605843.954  5.57%   362 2785s
 14251 12871 610495.396   86 1679 641560.522 605854.529  5.57%   362 2790s
 14259 12877 634175.993  140 1713 641560.522 605858.623  5.56%   362 2798s
 14260 12877 605871.103    9 1686 641560.522 605871.103  5.56%   361 2818s
 14261 12878 613993.932  131 1704 641560.522 605871.103  5.56%   361 2820s
 14266 12881 605871.103    9 1724 641560.522 605871.103  5.56%   361 2825s
 14269 12883 605879.760   41 1721 641560.522 605879.760  5.56%   361 2830s
 14272 12885 632953.369  259 1688 641560.522 605888.201  5.56%   361 2836s
 14278 12889 607744.815  128 1712 641560.522 605894.761  5.56%   361 2842s
 14280 12891 636028.517  278 1703 641560.522 605904.275  5.56%   361 2845s
 14287 12895 605910.202   27 1731 641560.522 605910.202  5.56%   361 2851s
 14289 12897 605921.928   12 1707 641560.522 605921.928  5.55%   361 2855s
 14293 12899 607573.800   91 1728 641560.522 605923.100  5.55%   361 2860s
 14298 12903 631906.536  416 1727 641560.522 605929.277  5.55%   361 2867s
 14299 12903 609543.762  154 1710 641560.522 605934.481  5.55%   360 2870s
 14303 12906 616127.399   52 1694 641560.522 605948.169  5.55%   360 2877s
 14310 12911 612549.202   98 1709 641560.522 605948.169  5.55%   360 2883s
 14311 12911 637823.311  223 1690 641560.522 605948.169  5.55%   360 2885s
 14317 12915 605948.169  106 1713 641560.522 605948.169  5.55%   360 2890s
 14324 12920 608334.130   59 1742 641560.522 605950.966  5.55%   360 2898s
 14325 12921 626283.074  280 1684 641560.522 605961.403  5.55%   360 2901s
 14330 12924 608781.731   66 1712 641560.522 605964.605  5.55%   360 2907s
 14332 12925 614211.704  160 1688 641560.522 605978.080  5.55%   360 2910s
 14335 12927 627119.792  256 1708 641560.522 605978.080  5.55%   360 2915s
 14339 12930 615437.874   64 1726 641560.522 605985.012  5.55%   359 2920s
 14341 12931 614650.858  180 1721 641560.522 605992.402  5.54%   359 2927s
 14346 12935 605992.402   30 1732 641560.522 605992.402  5.54%   359 2932s
 14347 12935 606649.072   83 1721 641560.522 606000.287  5.54%   359 2936s
 14352 12939 606000.287   92 1721 641560.522 606000.287  5.54%   359 2941s
 14354 12940 609927.761  155 1697 641560.522 606001.815  5.54%   359 2945s
 14357 12942 606006.121   87 1698 641560.522 606006.121  5.54%   359 2951s
 14362 12945 631468.512  234 1717 641560.522 606006.121  5.54%   359 2956s
 14367 12949 607123.576  100 1727 641560.522 606010.083  5.54%   359 2960s
 14370 12951 606017.333   67 1701 641560.522 606017.333  5.54%   359 2966s
 14374 12953 616965.771  201 1715 641560.522 606017.333  5.54%   359 2970s
 14379 12957 606021.214   23 1716 641560.522 606021.214  5.54%   358 2978s
 14380 12957 636028.517  278 1691 641560.522 606025.044  5.54%   358 2981s
 14387 12962 606025.044   27 1752 641560.522 606025.044  5.54%   358 2987s
 14388 12963 606030.464   54 1737 641560.522 606030.464  5.54%   358 2990s
 14392 12965 624305.825  189 1736 641560.522 606035.210  5.54%   358 2997s
 14396 12968 629280.527  119 1751 641560.522 606040.070  5.54%   358 3000s
 14399 12970 609543.762  154 1761 641560.522 606043.758  5.54%   358 3006s
 14402 12972 616204.063  121 1770 641560.522 606043.758  5.54%   358 3011s
 14407 12975 607309.863   96 1733 641560.522 606048.220  5.54%   358 3018s
 14408 12976 613548.762  113 1754 641560.522 606052.438  5.53%   358 3020s
 14412 12979 610943.710  124 1758 641560.522 606052.438  5.53%   358 3025s
 14416 12981 606053.779   13 1764 641560.522 606053.779  5.53%   358 3031s
 14421 12985 609659.337   45 1781 641560.522 606056.159  5.53%   357 3037s
 14424 12987 608334.130   59 1804 641560.522 606057.415  5.53%   357 3043s
 14425 12987 626283.074  280 1787 641560.522 606057.482  5.53%   357 3045s
 14426 12988 608735.798   38 1786 641560.522 606061.210  5.53%   357 3256s
 14427 12989 606061.212   52 1786 641560.522 606061.212  5.53%   357 3283s
 14428 12992 606064.300   29 1748 641560.522 606061.212  5.53%   379 3292s
 14430 12996 606162.886   30 1701 641560.522 606064.314  5.53%   380 3303s
 14434 13002 606174.676   31 1695 641560.522 606068.454  5.53%   380 3328s
 14442 13013 606282.500   32 1737 641560.522 606079.658  5.53%   382 3371s
 14455 13035 606342.582   33 1785 641560.522 606152.577  5.52%   392 3421s
 14482 13058 606373.075   34 1790 641560.522 606228.095  5.51%   402 3465s
 14514 13080 606463.452   35 1806 641560.522 606251.700  5.50%   412 3508s
 14546 13101 606562.207   36 1803 641560.522 606251.700  5.50%   418 3553s
 14578 13126 606477.982   36 1800 641560.522 606251.700  5.50%   420 3602s
 14614 13148 606534.302   37 1805 641560.522 606251.700  5.50%   426 3645s
 14648 13225 606570.014   37 1811 641560.522 606251.700  5.50%   429 3713s
 14736 13299 606824.421   39 1770 641560.522 606251.700  5.50%   437 3766s
 14839 13357 606987.837   40 1753 641560.522 606251.700  5.50%   445 3815s
 14932 13357 608004.616   41 1676 641560.522 606251.700  5.50%   451 3843s
 14963 13382 607103.028   42 1686 641560.522 606251.700  5.50%   453 3873s
 14998 13402 610465.823   42 1653 641560.522 606251.700  5.50%   455 3903s
 15030 13424 607196.022   43 1632 641560.522 606251.700  5.50%   458 3935s
 15062 13483 607138.881   43 1647 641560.522 606251.700  5.50%   460 3977s
 15134 13567 607332.173   45 1654 641560.522 606251.700  5.50%   465 4020s
 15244 13609 607346.084   46 1636 641560.522 606251.700  5.50%   470 4061s
 15323 13675 607408.651   47 1624 641560.522 606251.700  5.50%   477 4106s
 15415 13739 607762.750   48 1648 641560.522 606251.700  5.50%   483 4150s
 15510 13797 607538.580   49 1645 641560.522 606251.700  5.50%   489 4193s
 15599 13889 607579.496   50 1638 641560.522 606251.700  5.50%   497 4241s
 15721 13961 607784.644   51 1551 641560.522 606251.700  5.50%   503 4290s
 15836 14037 607793.709   52 1551 641560.522 606251.700  5.50%   508 4338s
 15954 14029 607989.777   53 1515 641560.522 606251.700  5.50%   514 4371s
 15985 14051 607941.642   54 1525 641560.522 606251.700  5.50%   516 4409s
 16020 14115 610369.555   54 1483 641560.522 606251.700  5.50%   521 4448s
 16095 14193 607989.108   55 1506 641560.522 606251.700  5.50%   524 4497s
 16202 14332 608216.116   55 1507 641560.522 606251.700  5.50%   531 4549s
 16377 14455 608060.356   57 1509 641560.522 606251.700  5.50%   535 4611s
 16574 14589 611620.153   59 1479 641560.522 606251.700  5.50%   541 4671s
 16783 14728 608592.205   60 1469 641560.522 606251.700  5.50%   545 4736s
 17003 14855 613362.490   61 1494 641560.522 606251.700  5.50%   550 4803s
 17215 14979 609364.710   63 1481 641560.522 606251.700  5.50%   556 4871s
 17440 15109 609459.293   66 1486 641560.522 606251.700  5.50%   561 4956s
 17669 15245 609544.252   67 1447 641560.522 606251.700  5.50%   567 5033s
 17893 15200 609820.674   69 1446 641560.522 606251.700  5.50%   574 5075s
 17926 15275 610501.115   69 1455 641560.522 606251.700  5.50%   577 5134s
 18019 15444 610080.760   70 1391 641560.522 606251.700  5.50%   581 5214s
 18263 15568 610146.297   71 1396 641560.522 606251.700  5.50%   586 5308s
 18502 15695 610627.521   74 1413 641560.522 606355.381  5.49%   594 5409s
 18751 15835 611716.137   75 1386 641560.522 606355.381  5.49%   603 5514s
 19003 15967 613399.947   78 1422 641560.522 606355.381  5.49%   612 5616s
 19254 16127 613610.415   81 1433 641560.522 606355.381  5.49%   623 5726s
 19519 16230 613843.179   83 1453 641560.522 606355.381  5.49%   632 5824s
 19725 16412 613875.005   86 1430 641560.522 606355.381  5.49%   643 5930s
 20009 16337 615983.628   89 1437 641560.522 606355.381  5.49%   653 5985s
 20054 16500 614144.394   90 1419 641560.522 606355.381  5.49%   655 6079s
 20258 16669 614163.604   92 1441 641560.522 606371.742  5.48%   663 6206s
 20532 16850 614398.615   95 1426 641560.522 606371.742  5.48%   677 6335s
 20854 17051 614521.574   96 1455 641560.522 606371.742  5.48%   690 6473s
 21195 17263 614733.704   99 1431 641560.522 606396.000  5.48%   701 6610s
 21538 17550 614825.030  100 1418 641560.522 606396.000  5.48%   713 6750s
 21977 17796 614872.402  102 1446 641560.522 606396.000  5.48%   723 6895s
 22392 18093 615227.010  104 1449 641560.522 606396.000  5.48%   737 7038s
 22860 18008 615310.048  108 1435 641560.522 606396.000  5.48%   749 7176s
 22969 17994 615425.819  109 1432 641560.522 606427.466  5.48%   755 7200s

Cutting planes:
  Learned: 1
  Gomory: 22
  Cover: 106
  Implied bound: 1450
  Projected implied bound: 44
  Clique: 2
  MIR: 2874
  Mixing: 38
  StrongCG: 7
  Flow cover: 2546
  GUB cover: 66
  Inf proof: 1
  Zero half: 47
  Network: 8
  RLT: 44
  Relax-and-lift: 211
  BQP: 5

Explored 23002 nodes (17550601 simplex iterations) in 7200.49 seconds (10455.70 work units)
Thread count was 32 (of 64 available processors)

Solution count 2: 641561 641561 

Time limit reached
Best objective 6.415605215749e+05, best bound 6.064274663849e+05, gap 5.4762%

User-callback calls 1205520, time in user-callback 0.12 sec

Gurobi 12.0.3 (linux64, C++) logging started Fri Nov 21 01:06:22 2025

Set parameter LicenseID to value 2723399
Set parameter TimeLimit to value 7200
Set parameter MIPGap to value 0
Set parameter LogFile to value "two_index_formulation_original.log"
Gurobi Optimizer version 12.0.3 build v12.0.3rc0 (linux64 - "Ubuntu 24.04.2 LTS")

CPU model: AMD Ryzen Threadripper 7970X 32-Cores, instruction set [SSE2|AVX|AVX2|AVX512]
Thread count: 32 physical cores, 64 logical processors, using up to 32 threads

Non-default parameters:
TimeLimit  7200
MIPGap  0

Optimize a model with 2419128 rows, 3308548 columns and 24601343 nonzeros
Model fingerprint: 0x6fbb97cb
Variable types: 2206048 continuous, 1102500 integer (1102500 binary)
Coefficient statistics:
  Matrix range     [1e+00, 2e+03]
  Objective range  [1e+00, 1e+04]
  Bounds range     [1e+00, 2e+03]
  RHS range        [1e+00, 5e+02]

User MIP start produced solution with objective 560934 (3.39s)
Loaded user MIP start with objective 560934
Processed MIP start in 3.72 seconds (3.16 work units)

Presolve removed 2328152 rows and 3245209 columns
Presolve time: 4.28s
Presolved: 90976 rows, 63339 columns, 571493 nonzeros
Variable types: 38485 continuous, 24854 integer (24787 binary)
Performing another presolve...
Presolve removed 9774 rows and 1046 columns
Presolve time: 1.11s
Deterministic concurrent LP optimizer: primal and dual simplex
Showing primal log only...


Root simplex log...

Iteration    Objective       Primal Inf.    Dual Inf.      Time
       0    3.7759185e+05   3.237741e+04   2.249561e+10     10s
    7091    4.3724726e+05   1.153724e+04   2.466464e+10     10s
   46432    4.8702812e+05   1.359275e+03   4.064401e+09     15s
   68794    9.1746549e+05   2.747271e+01   8.932136e+09     20s
   81694    8.5067155e+05   0.000000e+00   1.007543e+08     25s
   88444    8.0213076e+05   0.000000e+00   1.274149e+08     30s
   95074    7.6171628e+05   0.000000e+00   4.650565e+06     35s
  100854    7.3609400e+05   0.000000e+00   2.873297e+08     40s
Concurrent spin time: 0.00s

Solved with dual simplex

Root simplex log...

Iteration    Objective       Primal Inf.    Dual Inf.      Time
  123772    4.9046082e+05   0.000000e+00   0.000000e+00     45s

Root relaxation: objective 4.904608e+05, 123772 iterations, 34.71 seconds (79.32 work units)
Total elapsed time = 44.53s (DegenMoves)
Total elapsed time = 45.09s (DegenMoves)

    Nodes    |    Current Node    |     Objective Bounds      |     Work
 Expl Unexpl |  Obj  Depth IntInf | Incumbent    BestBd   Gap | It/Node Time

     0     0 490460.817    0  857 560934.266 490460.817  12.6%     -   45s
     0     0 490485.882    0  853 560934.266 490485.882  12.6%     -   46s
     0     0 490486.071    0  853 560934.266 490486.071  12.6%     -   46s
     0     0 506000.473    0  944 560934.266 506000.473  9.79%     -   66s
     0     0 506660.315    0  985 560934.266 506660.315  9.68%     -   81s
     0     0 506706.554    0  998 560934.266 506706.554  9.67%     -   81s
     0     0 506706.836    0 1001 560934.266 506706.836  9.67%     -   81s
     0     0 514717.973    0  995 560934.266 514717.973  8.24%     -   93s
     0     0 514739.772    0  997 560934.266 514739.772  8.24%     -   93s
     0     0 514739.773    0  997 560934.266 514739.773  8.24%     -   93s
     0     0 514739.805    0  996 560934.266 514739.805  8.24%     -   93s
     0     0 515491.523    0 1031 560934.266 515491.523  8.10%     -   96s
     0     0 515525.697    0 1041 560934.266 515525.697  8.10%     -   96s
     0     0 515532.512    0 1041 560934.266 515532.512  8.09%     -   97s
     0     0 515533.585    0 1049 560934.266 515533.585  8.09%     -   97s
     0     0 521421.493    0 1019 560934.266 521421.493  7.04%     -  113s
     0     0 521421.854    0 1015 560934.266 521421.854  7.04%     -  113s
     0     0 522004.699    0 1098 560934.266 522004.699  6.94%     -  118s
     0     0 522058.476    0 1106 560934.266 522058.476  6.93%     -  119s
     0     0 522062.458    0 1126 560934.266 522062.458  6.93%     -  120s
     0     0 523118.629    0 1086 560934.266 523118.629  6.74%     -  128s
     0     0 523277.986    0 1140 560934.266 523277.986  6.71%     -  132s
     0     0 523308.990    0 1149 560934.266 523308.990  6.71%     -  133s
     0     0 523320.594    0 1158 560934.266 523320.594  6.71%     -  134s
     0     0 523325.359    0 1153 560934.266 523325.359  6.70%     -  134s
     0     0 524301.465    0 1183 560934.266 524301.465  6.53%     -  143s
     0     0 524393.275    0 1207 560934.266 524393.275  6.51%     -  147s
     0     0 524404.592    0 1197 560934.266 524404.592  6.51%     -  148s
     0     0 524405.710    0 1231 560934.266 524405.710  6.51%     -  149s
     0     0 524721.953    0 1131 560934.266 524721.953  6.46%     -  154s
     0     0 524753.844    0 1181 560934.266 524753.844  6.45%     -  158s
     0     0 524761.965    0 1192 560934.266 524761.965  6.45%     -  159s
     0     0 524763.053    0 1190 560934.266 524763.053  6.45%     -  159s
     0     0 525145.390    0 1172 560934.266 525145.390  6.38%     -  163s
     0     0 525172.995    0 1189 560934.266 525172.995  6.38%     -  166s
     0     0 525181.901    0 1193 560934.266 525181.901  6.37%     -  167s
     0     0 525182.930    0 1208 560934.266 525182.930  6.37%     -  167s
     0     0 525438.790    0 1157 560934.266 525438.790  6.33%     -  170s
     0     0 525497.139    0 1144 560934.266 525497.139  6.32%     -  172s
     0     0 525503.133    0 1180 560934.266 525503.133  6.32%     -  172s
     0     0 525679.844    0 1150 560934.266 525679.844  6.28%     -  174s
     0     0 525690.525    0 1163 560934.266 525690.525  6.28%     -  177s
     0     0 525692.016    0 1173 560934.266 525692.016  6.28%     -  177s
     0     0 525833.977    0 1143 560934.266 525833.977  6.26%     -  180s
     0     0 525859.148    0 1165 560934.266 525859.148  6.25%     -  181s
     0     0 525862.302    0 1167 560934.266 525862.302  6.25%     -  181s
     0     0 525919.854    0 1133 560934.266 525919.854  6.24%     -  183s
     0     0 525926.915    0 1148 560934.266 525926.915  6.24%     -  183s
     0     0 525978.468    0 1122 560934.266 525978.468  6.23%     -  185s
     0     0 525987.219    0 1153 560934.266 525987.219  6.23%     -  185s
     0     0 525988.031    0 1171 560934.266 525988.031  6.23%     -  185s
     0     0 526008.867    0 1129 560934.266 526008.867  6.23%     -  186s
     0     0 526009.461    0 1118 560934.266 526009.461  6.23%     -  187s
     0     2 526035.010    0 1117 560934.266 526035.010  6.22%     -  196s
     7    16 526592.836    3 1089 560934.266 526288.158  6.18%  1393  201s
    15    32 526882.180    4 1109 560934.266 526595.219  6.12%  1551  205s
    63    96 527113.197    6 1129 560934.266 526779.056  6.09%  1328  212s
    95   128 527128.005    7 1139 560934.266 526779.056  6.09%  1090  217s
   127   162 527691.252    8 1116 560934.266 526779.056  6.09%   928  223s
   161   193 528361.389   11 1115 560934.266 526779.056  6.09%   908  236s
   192   224 527792.949   11 1105 560934.266 526779.056  6.09%   941  250s
   223   254 527794.073   12 1106 560934.266 526779.056  6.09%   939  266s
   257   285 527796.157   13 1107 560934.266 526779.056  6.09%   896  283s
   290   316 527798.518   14 1104 560934.266 526779.056  6.09%   928  308s
   323   347 527869.616   15 1084 560934.266 526779.056  6.09%   927  314s
   356   379 527917.974   16 1083 560934.266 526779.056  6.09%   967  320s
   388   410 527920.282   17 1085 560934.266 526779.056  6.09%   992  326s
   421   442 528119.744   18 1080 560934.266 526779.056  6.09%  1014  331s
   453   474 528470.164   18 1087 560934.266 526779.056  6.09%  1045  337s
   485   506 528398.544   19 1073 560934.266 526779.056  6.09%  1093  342s
   517   538 528582.434   19 1063 560934.266 526779.056  6.09%  1099  349s
   549   570 528542.932   20 1047 560934.266 526779.056  6.09%  1107  356s
   581   603 528609.949   21 1049 560934.266 526779.056  6.09%  1103  362s
   616   645 529104.161   22 1026 560934.266 526779.056  6.09%  1114  369s
   663   685 528701.771   22 1015 560934.266 526779.056  6.09%  1102  378s
   706   722 528730.215   23 1022 560934.266 526779.056  6.09%  1100  421s
   759   782 528750.947   24 1024 560934.266 526779.056  6.09%  1076  429s
   832   858 528759.380   25 1024 560934.266 526779.056  6.09%  1054  465s
   916   947 528811.854   26 1027 560934.266 526779.056  6.09%  1038  472s
  1010  1054 529850.079   26 1002 560934.266 526779.056  6.09%  1014  482s
  1117  1167 529629.501   27 1049 560934.266 526779.056  6.09%   989  490s
  1235  1298 529123.386   27 1009 560934.266 526779.056  6.09%   961  498s
  1368  1448 529210.526   28  999 560934.266 526779.056  6.09%   935  507s
  1522  1583 529348.739   28 1007 560934.266 526779.056  6.09%   904  516s
  1660  1766 529243.162   29 1034 560934.266 526779.056  6.09%   892  528s
  1846  1944 529353.105   30 1020 560934.266 526779.056  6.09%   857  542s
  2029  2096 529638.826   31 1036 560934.266 526779.056  6.09%   832  557s
  2186  2355 530127.105   31 1054 560934.266 526779.056  6.09%   823  571s
  2447  2637 529655.813   32 1031 560934.266 526779.056  6.09%   778  586s
  2735  2862 529713.748   33 1029 560934.266 526779.056  6.09%   733  603s
  2962  3059 529731.853   34 1032 560934.266 526779.056  6.09%   718  622s
  3159  3254 529772.573   35 1026 560934.266 526779.056  6.09%   713  640s
  3354  3528 529819.311   36 1009 560934.266 526779.056  6.09%   709  658s
  3630  3791 529848.174   37 1008 560934.266 526779.056  6.09%   690  679s
  3897  4059 529893.693   38 1023 560934.266 526779.056  6.09%   678  699s
  4169  4364 536148.744   38 1006 560934.266 526779.056  6.09%   670  722s
  4490  4581 529896.114   39 1018 560934.266 526779.056  6.09%   657  745s
  4767  4759 530952.621   40 1029 560934.266 526793.285  6.09%   653  771s
  5007  4904 530872.332   40  986 560934.266 526830.148  6.08%   658  798s
  5193  5169 532211.189   41  983 560934.266 526872.795  6.07%   664  826s
  5498  5443 534479.937   41 1048 560934.266 526964.255  6.06%   661  856s
  5788  5794 533966.731   42  997 560934.266 526964.255  6.06%   660  885s
  6147  5947 534216.625   43  987 560934.266 526998.052  6.05%   651  910s
  6306  5980 536021.048   45  990 560934.266 526998.052  6.05%   650  927s
  6346  6019 536740.598   51 1017 560934.266 526998.052  6.05%   650  946s
  6386  6056 537054.840   59 1012 560934.266 526998.052  6.05%   651  961s
  6428  6137 537627.568   68 1012 560934.266 526998.052  6.05%   652  977s
  6513  6296 538081.354   77 1001 560934.266 526998.052  6.05%   649  996s
  6678  6519 538729.013   90 1004 560934.266 527053.816  6.04%   646 1021s
  6920  6828 539460.234   95 1010 560934.266 527053.816  6.04%   645 1052s
  7243  7193 540174.138  115  990 560934.266 527053.816  6.04%   645 1085s
  7646  7696 540587.774  129  941 560934.266 527053.816  6.04%   642 1124s
  8172  8156 540967.488  141  973 560934.266 527101.944  6.03%   634 1163s
  8664  8715 541703.930  160  975 560934.266 527101.944  6.03%   630 1203s
  9234  9361 542272.200  179  954 560934.266 527101.944  6.03%   623 1245s
  9912  9892 543711.596  205  915 560934.266 527101.944  6.03%   612 1289s
 10507 10518 545298.233  227  904 560934.266 527101.944  6.03%   608 1336s
 11155 11137 546059.556  248  916 560934.266 527177.959  6.02%   603 1381s
 11795 11518 546577.605  277  911 560934.266 527177.959  6.02%   599 1418s
 12224 12227 546914.671  288  907 560934.266 527177.959  6.02%   599 1462s
 12980 13061 547658.368  327  893 560934.266 527177.959  6.02%   590 1511s
 13839 13814 548766.852  387  862 560934.266 527177.959  6.02%   580 1563s
 14665 13815 536350.536  165 12181 560934.266 527177.959  6.02%   575 1907s
 14667 13816 535199.420   40  875 560934.266 527177.959  6.02%   575 1924s
 14668 13817 547511.709  484  946 560934.266 527177.959  6.02%   574 1934s
 14669 13818 537569.073   38 1002 560934.266 527177.959  6.02%   574 1945s
 14670 13818 531938.244   84 1037 560934.266 527177.959  6.02%   574 1952s
 14671 13819 541946.915  213 1078 560934.266 527177.959  6.02%   574 1958s
 14672 13820 542028.782  165 1112 560934.266 527177.959  6.02%   574 1964s
 14673 13820 547540.845  482 1050 560934.266 527177.959  6.02%   574 1969s
 14674 13821 541922.629  212 1098 560934.266 527177.959  6.02%   574 1973s
 14675 13822 535472.470   33 1113 560934.266 527177.959  6.02%   574 1977s
 14676 13822 539001.647  121 1072 560934.266 527177.959  6.02%   574 1980s
 14679 13824 556902.311  561 1085 560934.266 527177.959  6.02%   574 1985s
 14683 13827 529238.069   19 1077 560934.266 527177.959  6.02%   574 1990s
 14693 13834 536374.689  173 1081 560934.266 527177.959  6.02%   574 1995s
 14697 13836 535967.681   84 1162 560934.266 527422.354  5.97%   573 2007s
 14698 13837 539586.818  146 1152 560934.266 527724.252  5.92%   573 2013s
 14699 13838 536506.206  170 1146 560934.266 527789.872  5.91%   573 2015s
 14709 13844 531930.934   86 1175 560934.266 527815.168  5.90%   573 2022s
 14710 13845 556577.787  127 1199 560934.266 528277.493  5.82%   573 2034s
 14711 13846 541371.093  175 1218 560934.266 528301.395  5.82%   573 2038s
 14713 13847 540091.878  143 1265 560934.266 528331.938  5.81%   573 2040s
 14718 13850 532766.016   93 1260 560934.266 528520.459  5.78%   573 2052s
 14720 13852 532730.433  128 1305 560934.266 528583.340  5.77%   572 2055s
 14723 13854 535045.726   77 1331 560934.266 528584.607  5.77%   572 2074s
 14724 13854 542897.652  183 1239 560934.266 528973.010  5.70%   572 2086s
 14725 13855 534221.785   42 1242 560934.266 529040.239  5.69%   572 2090s
 14732 13860 533200.554   35 1348 560934.266 529077.436  5.68%   572 2115s
 14733 13860 544782.765  287 1324 560934.266 529635.297  5.58%   572 2132s
 14734 13861 534487.874   39 1308 560934.266 529688.609  5.57%   572 2135s
 14741 13866 532884.756  135 1350 560934.266 529723.119  5.56%   572 2160s
 14742 13866 534620.741   51 1356 560934.266 529936.376  5.53%   572 2171s
 14743 13867 538438.855  201 1373 560934.266 530014.744  5.51%   572 2175s
 14748 13870 545942.130  439 1397 560934.266 530040.357  5.51%   571 2200s
 14749 13871 540484.511  282 1361 560934.266 530293.261  5.46%   571 2214s
 14750 13872 539159.405  110 1390 560934.266 530326.484  5.46%   571 2217s
 14751 13872 551226.059  131 1404 560934.266 530351.025  5.45%   571 2220s
 14757 13876 539510.292  142 1422 560934.266 530358.994  5.45%   571 2227s
 14758 13877 559455.937  180 1403 560934.266 530515.999  5.42%   571 2249s
 14759 13878 537265.664   29 1436 560934.266 530555.852  5.42%   571 2252s
 14761 13879 539788.855  172 1450 560934.266 530576.879  5.41%   571 2255s
 14765 13882 536350.536  165 1473 560934.266 530583.968  5.41%   571 2260s
 14766 13882 530675.588   22 1462 560934.266 530675.588  5.39%   571 2272s
 14767 13883 535199.420   40 1477 560934.266 530685.580  5.39%   571 2276s
 14769 13884 537569.073   38 1491 560934.266 530702.941  5.39%   571 2280s
 14774 13888 541922.629  212 1498 560934.266 530706.513  5.39%   570 2286s
 14775 13888 535472.470   33 1438 560934.266 530808.329  5.37%   570 2295s
 14778 13890 538981.135  365 1473 560934.266 530831.642  5.37%   570 2300s
 14784 13894 557626.536  716 1489 560934.266 530836.103  5.37%   570 2307s
 14785 13895 547118.679   88 1443 560934.266 530963.874  5.34%   570 2315s
 14786 13896 544013.858  272 1480 560934.266 531006.277  5.34%   570 2320s
 14790 13898 552303.486  172 1492 560934.266 531030.876  5.33%   570 2325s
 14793 13900 536374.689  173 1490 560934.266 531031.550  5.33%   570 2330s
 14794 13901 541835.750  164 1484 560934.266 531129.391  5.31%   570 2339s
 14795 13902 537664.121   48 1510 560934.266 531161.353  5.31%   570 2344s
 14796 13902 539501.104  147 1539 560934.266 531171.116  5.31%   570 2347s
 14801 13906 537214.830   49 1548 560934.266 531179.910  5.30%   569 2350s
 14803 13907 538130.299  109 1543 560934.266 531234.336  5.29%   569 2576s
 14804 13908 539898.840  112 1535 560934.266 531245.096  5.29%   569 2632s
 14806 13909 532301.183   74 1527 560934.266 531254.803  5.29%   569 2635s
 14810 13912 556577.787  127 1573 560934.266 531255.811  5.29%   569 2641s
 14811 13912 541371.093  175 1496 560934.266 531425.592  5.26%   569 2658s
 14812 13913 534769.978   31 1523 560934.266 531453.432  5.26%   569 2664s
 14813 13914 540091.878  143 1530 560934.266 531471.616  5.25%   569 2668s
 14815 13915 532626.611   86 1555 560934.266 531480.163  5.25%   569 2671s
 14822 13920 533050.192   58 1585 560934.266 531484.339  5.25%   569 2682s
 14823 13920 535045.726   77 1561 560934.266 531583.842  5.23%   568 2694s
 14824 13921 542897.652  183 1549 560934.266 531598.108  5.23%   568 2699s
 14825 13922 534221.785   42 1582 560934.266 531605.568  5.23%   568 2701s
 14831 13926 536027.815  258 1596 560934.266 531610.300  5.23%   568 2711s
 14832 13926 533200.554   35 1537 560934.266 531669.343  5.22%   568 2719s
 14833 13927 544782.765  287 1563 560934.266 531701.128  5.21%   568 2724s
 14834 13928 534487.874   39 1615 560934.266 531710.321  5.21%   568 2727s
 14837 13930 536295.698   68 1595 560934.266 531716.093  5.21%   568 2730s
 14840 13932 536855.577   23 1614 560934.266 531716.717  5.21%   568 2735s
 14841 13932 532884.756  135 1552 560934.266 531783.608  5.20%   568 2744s
 14842 13933 534620.741   51 1582 560934.266 531788.041  5.20%   568 2746s
 14847 13936 542746.685  146 1586 560934.266 531790.266  5.20%   568 2752s
 14848 13937 545942.130  439 1552 560934.266 531833.606  5.19%   568 2760s
 14851 13939 551226.059  131 1561 560934.266 531846.611  5.19%   567 2766s
 14854 13941 545587.088   45 1577 560934.266 531847.636  5.19%   567 2771s
 14855 13942 531885.750   26 1615 560934.266 531885.750  5.18%   567 2779s
 14856 13942 534786.954   73 1634 560934.266 531891.416  5.18%   567 2782s
 14859 13944 537265.664   29 1664 560934.266 531895.461  5.18%   567 2785s
 14865 13948 536350.536  165 1674 560934.266 531896.330  5.18%   567 2791s
 14866 13949 531928.820   22 1599 560934.266 531928.820  5.17%   567 2798s
 14867 13950 535199.420   40 1609 560934.266 531933.402  5.17%   567 2800s
 14872 13953 542028.782  165 1633 560934.266 531941.664  5.17%   567 2805s
 14874 13954 541922.629  212 1624 560934.266 531960.649  5.17%   567 2813s
 14875 13955 535472.470   33 1628 560934.266 531960.649  5.17%   566 2815s
 14879 13958 556902.311  561 1654 560934.266 531960.649  5.17%   566 2821s
 14880 13958 532722.589   67 1668 560934.266 531988.366  5.16%   566 2827s
 14881 13959 532626.611   86 1630 560934.266 531988.366  5.16%   566 2830s
 14887 13963 546441.427  279 1662 560934.266 531988.366  5.16%   566 2838s
 14888 13964 559565.201  168 1652 560934.266 532018.761  5.15%   566 2845s
 14890 13965 552303.486  172 1632 560934.266 532023.194  5.15%   566 2850s
 14894 13968 541835.750  164 1651 560934.266 532026.288  5.15%   566 2855s
 14895 13968 537664.121   48 1621 560934.266 532055.417  5.15%   566 2862s
 14896 13969 539501.104  147 1630 560934.266 532062.259  5.15%   566 2865s
 14902 13973 556699.116  699 1688 560934.266 532066.706  5.15%   565 2873s
 14903 13974 538130.299  109 1610 560934.266 532106.295  5.14%   565 2880s
 14905 13975 532275.036   65 1667 560934.266 532122.057  5.14%   565 2886s
 14907 13976 533718.504   28 1674 560934.266 532133.838  5.13%   565 2890s
 14910 13978 556577.787  127 1677 560934.266 532134.274  5.13%   565 2895s
 14911 13979 541371.093  175 1668 560934.266 532158.190  5.13%   565 2901s
 14913 13980 540091.878  143 1701 560934.266 532164.744  5.13%   565 2906s
 14917 13983 557985.314  412 1729 560934.266 532165.682  5.13%   565 2912s
 14918 13984 532766.016   93 1689 560934.266 532201.387  5.12%   565 2921s
 14920 13985 532730.433  128 1694 560934.266 532201.387  5.12%   565 2926s
 14925 13988 534221.785   42 1719 560934.266 532201.387  5.12%   565 2932s
 14926 13989 532222.234   91 1713 560934.266 532222.234  5.12%   565 2938s
 14927 13990 538200.912  104 1708 560934.266 532242.047  5.12%   565 2942s
 14929 13991 558097.684  409 1717 560934.266 532246.918  5.11%   564 2945s
 14933 13994 544782.765  287 1751 560934.266 532247.328  5.11%   564 2950s
 14934 13994 534487.874   39 1682 560934.266 532267.999  5.11%   564 2956s
 14935 13995 537446.637   67 1688 560934.266 532271.635  5.11%   564 2960s
 14941 13999 532884.756  135 1728 560934.266 532275.411  5.11%   564 2968s
 14942 14000 534620.741   51 1713 560934.266 532290.381  5.11%   564 2975s
 14948 14004 545942.130  439 1738 560934.266 532293.202  5.11%   564 2983s
 14949 14004 540484.511  282 1716 560934.266 532311.044  5.10%   564 2989s
 14950 14005 539159.405  110 1706 560934.266 532311.044  5.10%   564 2991s
 14956 14009 534786.954   73 1738 560934.266 532313.260  5.10%   563 2995s
 14959 14011 537265.664   29 1681 560934.266 532328.367  5.10%   563 3006s
 14961 14012 539788.855  172 1714 560934.266 532332.139  5.10%   563 3010s
 14967 14016 535199.420   40 1729 560934.266 532336.281  5.10%   563 3015s
 14969 14018 537569.073   38 1665 560934.266 532364.012  5.09%   563 3025s
 14975 14022 535472.470   33 1717 560934.266 532364.012  5.09%   563 3033s
 14976 14022 539001.647  121 1695 560934.266 532368.255  5.09%   563 3037s
 14977 14023 544086.120  210 1715 560934.266 532371.208  5.09%   563 3040s
 14982 14026 538574.012  153 1751 560934.266 532372.925  5.09%   562 3048s
 14983 14027 532383.357   19 1744 560934.266 532383.357  5.09%   562 3053s
 14984 14028 557626.536  716 1715 560934.266 532385.987  5.09%   562 3055s
 14988 14030 559565.201  168 1746 560934.266 532387.530  5.09%   562 3062s
 14989 14031 532397.825   13 1722 560934.266 532397.825  5.09%   562 3067s
 14991 14032 537849.391   89 1739 560934.266 532398.932  5.09%   562 3070s
 14995 14035 537664.121   48 1736 560934.266 532400.334  5.09%   562 3077s
 14996 14036 539501.104  147 1739 560934.266 532416.056  5.08%   562 3082s
 14998 14037 539586.818  146 1754 560934.266 532419.287  5.08%   562 3086s
 15002 14040 556699.116  699 1759 560934.266 532420.696  5.08%   562 3092s
 15003 14040 538130.299  109 1758 560934.266 532434.707  5.08%   562 3097s
 15005 14042 532435.282   65 1779 560934.266 532435.282  5.08%   562 3100s
 15006 14042 532435.334   74 1783 560934.266 532435.334  5.08%   562 3105s
 15007 14043 533718.504   28 1720 560934.266 532460.127  5.08%   562 3114s
 15008 14044 542219.124   24 1741 560934.266 532463.362  5.08%   561 3116s
 15012 14046 534769.978   31 1787 560934.266 532465.957  5.08%   561 3120s
 15014 14048 536910.948  115 1772 560934.266 532493.627  5.07%   561 3132s
 15015 14048 532626.611   86 1786 560934.266 532493.942  5.07%   561 3135s
 15019 14051 533669.830   31 1825 560934.266 532496.225  5.07%   561 3142s
 15020 14052 532730.433  128 1798 560934.266 532512.398  5.07%   561 3149s
 15021 14052 532512.398   64 1800 560934.266 532512.398  5.07%   561 3152s
 15024 14054 542897.652  183 1822 560934.266 532513.997  5.07%   561 3155s
 15027 14056 538200.912  104 1839 560934.266 532514.461  5.07%   561 3160s
 15028 14057 557363.273  247 1813 560934.266 532525.386  5.06%   561 3166s
 15030 14058 544243.524  197 1805 560934.266 532532.181  5.06%   561 3171s
 15034 14061 534487.874   39 1834 560934.266 532534.215  5.06%   560 3179s
 15035 14062 537446.637   67 1798 560934.266 532551.497  5.06%   560 3187s
 15038 14064 560430.481 1127 1812 560934.266 532551.497  5.06%   560 3190s
 15041 14066 532884.756  135 1777 560934.266 532560.543  5.06%   560 3200s
 15045 14068 534197.535  105 1816 560934.266 532561.680  5.06%   560 3208s
 15046 14069 544132.432  121 1791 560934.266 532569.709  5.06%   560 3212s
 15047 14070 542746.685  146 1792 560934.266 532571.688  5.06%   560 3215s
 15052 14073 533900.238  109 1823 560934.266 532573.236  5.06%   560 3222s
 15053 14074 540197.351   62 1817 560934.266 532579.108  5.05%   560 3226s
 15056 14076 534786.954   73 1822 560934.266 532579.720  5.05%   560 3232s
 15057 14076 539510.292  142 1815 560934.266 532585.031  5.05%   560 3235s
 15061 14079 539788.855  172 1822 560934.266 532587.449  5.05%   559 3240s
 15063 14080 532610.992   20 1782 560934.266 532610.992  5.05%   559 3254s
 15064 14081 540627.172  166 1807 560934.266 532610.992  5.05%   559 3256s
 15067 14083 535199.420   40 1843 560934.266 532614.091  5.05%   559 3260s
 15070 14085 532614.912   84 1832 560934.266 532614.912  5.05%   559 3266s
 15071 14086 541946.915  213 1818 560934.266 532628.372  5.05%   559 3271s
 15073 14087 547540.845  482 1804 560934.266 532628.810  5.05%   559 3275s
 15075 14088 535472.470   33 1819 560934.266 532629.016  5.05%   559 3280s
 15076 14089 539001.647  121 1815 560934.266 532641.499  5.04%   559 3286s
 15080 14092 532722.589   67 1819 560934.266 532642.576  5.04%   559 3290s
 15082 14093 538574.012  153 1860 560934.266 532646.580  5.04%   559 3297s
 15084 14094 557626.536  716 1868 560934.266 532648.481  5.04%   559 3300s
 15086 14096 544013.858  272 1877 560934.266 532648.990  5.04%   559 3306s
 15087 14096 546441.427  279 1827 560934.266 532664.173  5.04%   559 3314s
 15088 14097 559565.201  168 1837 560934.266 532664.442  5.04%   558 3316s
 15091 14099 537849.391   89 1855 560934.266 532667.985  5.04%   558 3320s
 15096 14102 539501.104  147 1864 560934.266 532668.935  5.04%   558 3326s
 15097 14103 535967.681   84 1871 560934.266 532678.370  5.04%   558 3331s
 15100 14105 540501.466  151 1868 560934.266 532681.474  5.04%   558 3335s
 15104 14108 539898.840  112 1877 560934.266 532683.680  5.04%   558 3341s
 15105 14108 532688.909   65 1858 560934.266 532688.909  5.04%   558 3345s
 15108 14110 542219.124   24 1875 560934.266 532689.466  5.04%   558 3350s
 15109 14111 532702.019   86 1847 560934.266 532702.019  5.03%   558 3356s
 15113 14114 540091.878  143 1840 560934.266 532702.019  5.03%   558 3360s
 15116 14116 532713.493   44 1845 560934.266 532713.493  5.03%   557 3371s
 15120 14118 532730.433  128 1858 560934.266 532717.216  5.03%   557 3375s
 15125 14122 534221.785   42 1849 560934.266 532722.034  5.03%   557 3382s
 15127 14123 538200.912  104 1823 560934.266 532732.489  5.03%   557 3387s
 15131 14126 536027.815  258 1834 560934.266 532736.762  5.03%   557 3393s
 15132 14126 533200.554   35 1802 560934.266 532742.936  5.03%   557 3397s
 15135 14128 537446.637   67 1816 560934.266 532746.259  5.03%   557 3400s
 15140 14132 536855.577   23 1833 560934.266 532746.859  5.03%   557 3406s
 15141 14132 532884.756  135 1824 560934.266 532758.390  5.02%   557 3411s
 15143 14134 538438.855  201 1806 560934.266 532764.718  5.02%   556 3415s
 15146 14136 544132.432  121 1809 560934.266 532765.355  5.02%   556 3420s
 15147 14136 542746.685  146 1835 560934.266 532774.108  5.02%   556 3426s
 15151 14139 551226.059  131 1840 560934.266 532774.184  5.02%   556 3433s
 15152 14140 533900.238  109 1828 560934.266 532780.890  5.02%   556 3437s
 15154 14141 545587.088   45 1841 560934.266 532785.583  5.02%   556 3440s
 15157 14143 539510.292  142 1854 560934.266 532787.260  5.02%   556 3447s
 15158 14144 559455.937  180 1823 560934.266 532796.502  5.02%   556 3453s
 15159 14144 537265.664   29 1821 560934.266 532796.822  5.02%   556 3455s
 15161 14146 539788.855  172 1831 560934.266 532797.923  5.02%   556 3461s
 15162 14146 540495.149  178 1818 560934.266 532819.680  5.01%   556 3468s
 15163 14147 532821.901   20 1822 560934.266 532821.901  5.01%   556 3470s
 15167 14150 535199.420   40 1823 560934.266 532822.861  5.01%   556 3476s
 15168 14150 547511.709  484 1836 560934.266 532837.371  5.01%   556 3483s
 15169 14151 537569.073   38 1860 560934.266 532842.323  5.01%   556 3487s
 15171 14152 541946.915  213 1879 560934.266 532844.703  5.01%   555 3490s
 15174 14154 541922.629  212 1840 560934.266 532845.491  5.01%   555 3496s
 15175 14155 535472.470   33 1850 560934.266 532850.920  5.01%   555 3500s
 15182 14160 538574.012  153 1873 560934.266 532852.351  5.01%   555 3509s
 15183 14160 532859.987   19 1849 560934.266 532859.987  5.00%   555 3513s
 15185 14162 547118.679   88 1856 560934.266 532860.611  5.00%   555 3515s
 15187 14163 546441.427  279 1872 560934.266 532861.059  5.00%   555 3520s
 15188 14164 559565.201  168 1853 560934.266 532870.776  5.00%   555 3525s
 15192 14166 532875.112   68 1861 560934.266 532875.112  5.00%   555 3533s
 15193 14167 536374.689  173 1810 560934.266 532886.288  5.00%   555 3538s
 15194 14168 541835.750  164 1820 560934.266 532887.481  5.00%   555 3541s
 15197 14170 535967.681   84 1856 560934.266 532888.070  5.00%   554 3547s
 15198 14170 539586.818  146 1840 560934.266 532895.524  5.00%   554 3552s
 15200 14172 540501.466  151 1866 560934.266 532896.395  5.00%   554 3555s
 15203 14174 538130.299  109 1877 560934.266 532896.946  5.00%   554 3561s
 15204 14174 539898.840  112 1859 560934.266 532914.353  5.00%   554 3568s
 15205 14175 532916.919   65 1874 560934.266 532916.919  4.99%   554 3571s
 15209 14178 532918.065   86 1899 560934.266 532918.065  4.99%   554 3577s
 15210 14178 556577.787  127 1883 560934.266 532924.025  4.99%   554 3581s
 15213 14180 540091.878  143 1878 560934.266 532924.025  4.99%   554 3587s
 15214 14181 536910.948  115 1892 560934.266 532926.926  4.99%   554 3590s
 15218 14184 532927.507   93 1896 560934.266 532927.507  4.99%   554 3598s
 15219 14184 533669.830   31 1860 560934.266 532936.506  4.99%   554 3604s
 15220 14185 532936.791  128 1869 560934.266 532936.791  4.99%   554 3606s
 15224 14188 542897.652  183 1864 560934.266 532939.364  4.99%   554 3610s
 15226 14189 532939.538   91 1877 560934.266 532939.538  4.99%   553 3615s
 15227 14190 538200.912  104 1857 560934.266 532943.579  4.99%   553 3620s
 15231 14192 536027.815  258 1842 560934.266 532945.095  4.99%   553 3627s
 15232 14193 533200.554   35 1870 560934.266 532950.367  4.99%   553 3631s
 15236 14196 539527.579  244 1883 560934.266 532950.943  4.99%   553 3635s
 15237 14196 536295.698   68 1884 560934.266 532950.977  4.99%   553 3640s
 15239 14198 532965.319   39 1844 560934.266 532965.319  4.99%   553 3646s
 15243 14200 538438.855  201 1848 560934.266 532965.319  4.99%   553 3653s
 15244 14201 538356.514  144 1838 560934.266 532972.601  4.98%   553 3658s
 15247 14203 542746.685  146 1873 560934.266 532972.601  4.98%   553 3664s
 15248 14204 545942.130  439 1825 560934.266 532984.362  4.98%   553 3673s
 15249 14204 540484.511  282 1837 560934.266 532985.866  4.98%   553 3676s
 15254 14208 545587.088   45 1854 560934.266 532990.431  4.98%   552 3680s
 15257 14210 539510.292  142 1861 560934.266 532991.164  4.98%   552 3686s
 15259 14211 537265.664   29 1862 560934.266 532997.111  4.98%   552 3690s
 15261 14212 539788.855  172 1880 560934.266 532997.793  4.98%   552 3696s
 15262 14213 540495.149  178 1857 560934.266 533006.454  4.98%   552 3700s
 15268 14217 547511.709  484 1876 560934.266 533006.454  4.98%   552 3705s
 15270 14218 533008.294   84 1855 560934.266 533008.294  4.98%   552 3713s
 15271 14219 541946.915  213 1842 560934.266 533009.445  4.98%   552 3716s
 15276 14222 539001.647  121 1863 560934.266 533010.977  4.98%   552 3723s
 15277 14223 544086.120  210 1845 560934.266 533025.129  4.98%   552 3729s
 15278 14224 538981.135  365 1841 560934.266 533030.559  4.97%   552 3732s
 15280 14225 533033.902   67 1860 560934.266 533033.902  4.97%   551 3735s
 15283 14227 533034.382   19 1867 560934.266 533034.382  4.97%   551 3741s
 15284 14228 557626.536  716 1851 560934.266 533048.069  4.97%   551 3748s
 15285 14228 547118.679   88 1881 560934.266 533050.572  4.97%   551 3751s
 15290 14232 552303.486  172 1871 560934.266 533051.878  4.97%   551 3758s
 15291 14232 537849.391   89 1866 560934.266 533055.511  4.97%   551 3762s
 15293 14234 536374.689  173 1891 560934.266 533057.031  4.97%   551 3765s
 15299 14238 536506.206  170 1909 560934.266 533057.979  4.97%   551 3773s
 15300 14238 540501.466  151 1854 560934.266 533062.717  4.97%   551 3777s
 15301 14239 537214.830   49 1861 560934.266 533063.815  4.97%   551 3780s
 15305 14242 533064.392   65 1871 560934.266 533064.392  4.97%   551 3786s
 15306 14242 533068.244   74 1888 560934.266 533068.244  4.97%   551 3791s
 15310 14245 556577.787  127 1910 560934.266 533068.244  4.97%   550 3795s
 15311 14246 541371.093  175 1911 560934.266 533068.256  4.97%   550 3800s
 15313 14247 540091.878  143 1892 560934.266 533071.058  4.97%   550 3805s
 15316 14249 533071.499   44 1893 560934.266 533071.499  4.97%   550 3811s
 15317 14250 557985.314  412 1909 560934.266 533075.720  4.97%   550 3818s
 15318 14250 533075.720   93 1907 560934.266 533075.720  4.97%   550 3820s
 15322 14253 533076.813   58 1894 560934.266 533076.813  4.97%   550 3827s
 15323 14254 535045.726   77 1849 560934.266 533085.721  4.96%   550 3833s
 15324 14254 542897.652  183 1863 560934.266 533085.721  4.96%   550 3835s
 15326 14256 533085.721   91 1865 560934.266 533085.721  4.96%   550 3840s
 15327 14256 538200.912  104 1839 560934.266 533092.972  4.96%   550 3846s
 15330 14258 544243.524  197 1855 560934.266 533095.097  4.96%   550 3850s
 15332 14260 533200.554   35 1840 560934.266 533099.387  4.96%   550 3858s
 15333 14260 544782.765  287 1878 560934.266 533101.942  4.96%   550 3861s
 15336 14262 539527.579  244 1851 560934.266 533105.328  4.96%   549 3865s
 15339 14264 533105.636   39 1854 560934.266 533105.636  4.96%   549 3871s
 15340 14265 536855.577   23 1841 560934.266 533139.330  4.96%   549 3880s
 15343 14267 538438.855  201 1887 560934.266 533139.490  4.96%   549 3885s
 15345 14268 534197.535  105 1892 560934.266 533139.643  4.96%   549 3890s
 15347 14270 542746.685  146 1868 560934.266 533146.606  4.95%   549 3897s
 15349 14271 540484.511  282 1865 560934.266 533148.363  4.95%   549 3900s
 15351 14272 551226.059  131 1885 560934.266 533148.861  4.95%   549 3905s
 15352 14273 533900.238  109 1865 560934.266 533159.335  4.95%   549 3913s
 15353 14274 540197.351   62 1853 560934.266 533159.335  4.95%   549 3915s
 15357 14276 539510.292  142 1867 560934.266 533160.115  4.95%   549 3922s
 15358 14277 559455.937  180 1822 560934.266 533179.299  4.95%   549 3934s
 15359 14278 537265.664   29 1849 560934.266 533180.908  4.95%   549 3937s
 15362 14280 540495.149  178 1890 560934.266 533184.023  4.95%   549 3940s
 15364 14281 540627.172  166 1870 560934.266 533184.142  4.95%   548 3945s
 15365 14282 536350.536  165 1848 560934.266 533193.331  4.95%   548 3950s
 15368 14284 547511.709  484 1848 560934.266 533199.473  4.94%   548 3956s
 15372 14286 542028.782  165 1877 560934.266 533200.974  4.94%   548 3964s
 15373 14287 547540.845  482 1820 560934.266 533210.443  4.94%   548 3971s
 15374 14288 541922.629  212 1802 560934.266 533219.449  4.94%   548 3975s
 15378 14290 538981.135  365 1857 560934.266 533222.320  4.94%   548 3982s
 15379 14291 556902.311  561 1838 560934.266 533232.781  4.94%   548 3989s
 15380 14292 533235.055   67 1825 560934.266 533235.055  4.94%   548 3991s
 15383 14294 533237.291   19 1863 560934.266 533237.291  4.94%   548 3998s
 15384 14294 557626.536  716 1846 560934.266 533240.373  4.94%   548 4000s
 15386 14297 544013.858  272 12178 560934.266 533240.373  4.94%   589 4005s
 15388 14298 559565.201  168  859 560934.266 533240.373  4.94%   588 4021s
 15389 14299 533240.373   13 1022 560934.266 533240.373  4.94%   588 4035s
 15390 14300 552303.486  172 1098 560934.266 533240.373  4.94%   588 4055s
 15391 14300 537849.391   89 1160 560934.266 533240.373  4.94%   588 4079s
 15392 14301 533240.373   68 1277 560934.266 533240.373  4.94%   588 4098s
 15393 14302 536374.689  173 1246 560934.266 533240.373  4.94%   588 4120s
 15394 14302 541835.750  164 1342 560934.266 533240.373  4.94%   588 4144s
 15395 14303 537664.121   48 1354 560934.266 533243.827  4.94%   588 4159s
 15396 14304 539501.104  147 1382 560934.266 533243.827  4.94%   588 4182s
 15397 14304 535967.681   84 1403 560934.266 533243.827  4.94%   588 4197s
 15398 14305 539586.818  146 1388 560934.266 533243.827  4.94%   588 4212s
 15399 14306 536506.206  170 1455 560934.266 533243.827  4.94%   588 4220s
 15400 14306 540501.466  151 1456 560934.266 533243.827  4.94%   588 4229s
 15401 14307 537214.830   49 1496 560934.266 533243.827  4.94%   588 4238s
 15402 14308 556699.116  699 1555 560934.266 533243.827  4.94%   588 4247s
 15403 14308 538130.299  109 1606 560934.266 533243.827  4.94%   588 4255s
 15404 14309 539898.840  112 1605 560934.266 533243.827  4.94%   588 4262s
 15405 14310 533243.827   65 1640 560934.266 533243.827  4.94%   588 4269s
 15406 14310 533244.301   74 1675 560934.266 533244.301  4.94%   588 4275s
 15408 14312 542219.124   24 1675 560934.266 533244.301  4.94%   588 4282s
 15409 14312 533244.301   86 1657 560934.266 533244.301  4.94%   588 4285s
 15410 14313 556577.787  127 1687 560934.266 533244.301  4.94%   588 4290s
 15412 14314 534769.978   31 1699 560934.266 533274.100  4.93%   588 4296s
 15413 14315 540091.878  143 1727 560934.266 533274.100  4.93%   588 4300s
 15416 14317 533274.100   44 1762 560934.266 533274.100  4.93%   587 4305s
 15420 14320 533274.100  128 1760 560934.266 533274.100  4.93%   587 4310s
 15424 14322 542897.652  183 1770 560934.266 533274.100  4.93%   587 4318s
 15425 14323 534221.785   42 1742 560934.266 533274.100  4.93%   587 4328s
 15426 14324 533300.090   91 1715 560934.266 533300.090  4.93%   587 4336s
 15427 14324 538200.912  104 1706 560934.266 533312.767  4.92%   587 4340s
 15430 14326 544243.524  197 1708 560934.266 533317.643  4.92%   587 4347s
 15431 14327 536027.815  258 1677 560934.266 533342.925  4.92%   587 4355s
 15436 14330 539527.579  244 1710 560934.266 533343.016  4.92%   587 4364s
 15437 14331 536295.698   68 1735 560934.266 533362.378  4.92%   587 4369s
 15438 14332 560430.481 1127 1745 560934.266 533362.848  4.92%   587 4372s
 15440 14333 536855.577   23 1752 560934.266 533366.181  4.91%   586 4375s
 15442 14334 534620.741   51 1762 560934.266 533366.340  4.91%   586 4381s
 15443 14335 538438.855  201 1746 560934.266 533383.244  4.91%   586 4388s
 15444 14336 538356.514  144 1770 560934.266 533383.244  4.91%   586 4390s
 15448 14338 545942.130  439 1771 560934.266 533383.244  4.91%   586 4397s
 15449 14339 540484.511  282 1749 560934.266 533394.925  4.91%   586 4408s
 15450 14340 539159.405  110 1757 560934.266 533399.563  4.91%   586 4410s
 15456 14344 534786.954   73 1773 560934.266 533404.436  4.91%   586 4419s
 15457 14344 539510.292  142 1759 560934.266 533418.528  4.91%   586 4427s
 15458 14345 559455.937  180 1741 560934.266 533420.671  4.90%   586 4430s
 15463 14348 533423.368   20 1762 560934.266 533423.368  4.90%   586 4438s
 15464 14349 540627.172  166 1786 560934.266 533432.022  4.90%   586 4443s
 15465 14350 536350.536  165 1761 560934.266 533432.022  4.90%   586 4445s
 15470 14353 533432.115   84 1778 560934.266 533432.115  4.90%   585 4453s
 15471 14354 541946.915  213 1773 560934.266 533437.633  4.90%   585 4459s
 15472 14354 542028.782  165 1781 560934.266 533437.633  4.90%   585 4460s
 15475 14356 535472.470   33 1806 560934.266 533438.039  4.90%   585 4467s
 15476 14357 539001.647  121 1768 560934.266 533446.379  4.90%   585 4475s
 15480 14360 533446.379   67 1793 560934.266 533446.379  4.90%   585 4483s
 15481 14360 533456.793   86 1773 560934.266 533456.793  4.90%   585 4488s
 15482 14361 538574.012  153 1785 560934.266 533456.793  4.90%   585 4490s
 15485 14363 547118.679   88 1802 560934.266 533457.190  4.90%   585 4497s
 15486 14364 544013.858  272 1765 560934.266 533462.983  4.90%   585 4518s
 15487 14364 546441.427  279 1767 560934.266 533462.983  4.90%   585 4520s
 15491 14367 537849.391   89 1787 560934.266 533463.295  4.90%   585 4528s
 15492 14368 533480.674   68 1776 560934.266 533480.674  4.89%   585 4532s
 15494 14369 541835.750  164 1792 560934.266 533484.162  4.89%   584 4535s
 15500 14373 540501.466  151 1809 560934.266 533485.515  4.89%   584 4544s
 15501 14374 537214.830   49 1759 560934.266 533508.489  4.89%   584 4550s
 15504 14376 539898.840  112 1776 560934.266 533518.944  4.89%   584 4556s
 15506 14377 533519.641   74 1792 560934.266 533519.641  4.89%   584 4562s
 15507 14378 533718.504   28 1743 560934.266 533530.860  4.89%   584 4569s
 15508 14378 542219.124   24 1758 560934.266 533536.355  4.88%   584 4572s
 15510 14380 556577.787  127 1760 560934.266 533540.110  4.88%   584 4575s
 15515 14383 533540.840   86 1791 560934.266 533540.840  4.88%   584 4586s
 15516 14384 533562.815   44 1743 560934.266 533562.815  4.88%   584 4592s
 15517 14384 557985.314  412 1744 560934.266 533564.061  4.88%   584 4595s
 15522 14388 533567.658   58 1769 560934.266 533567.658  4.88%   583 4607s
 15523 14388 535045.726   77 1764 560934.266 533581.364  4.88%   583 4612s
 15525 14390 534221.785   42 1763 560934.266 533586.027  4.88%   583 4616s
 15529 14392 558097.684  409 1789 560934.266 533588.879  4.87%   583 4623s
 15530 14393 544243.524  197 1783 560934.266 533595.071  4.87%   583 4627s
 15535 14396 537446.637   67 1808 560934.266 533596.668  4.87%   583 4630s
 15537 14398 536295.698   68 1814 560934.266 533604.259  4.87%   583 4638s
 15538 14398 560430.481 1127 1803 560934.266 533604.259  4.87%   583 4640s
 15542 14401 534620.741   51 1820 560934.266 533604.259  4.87%   583 4647s
 15544 14402 538356.514  144 1831 560934.266 533607.473  4.87%   583 4651s
 15545 14403 534197.535  105 1828 560934.266 533607.526  4.87%   583 4655s
 15547 14404 542746.685  146 1836 560934.266 533611.230  4.87%   582 4660s
 15553 14408 540197.351   62 1857 560934.266 533612.337  4.87%   582 4667s
 15554 14409 545587.088   45 1824 560934.266 533622.160  4.87%   582 4672s
 15556 14410 534786.954   73 1816 560934.266 533631.206  4.87%   582 4676s
 15561 14414 539788.855  172 1839 560934.266 533634.166  4.87%   582 4680s
 15563 14415 533639.061   20 1833 560934.266 533639.061  4.87%   582 4688s
 15565 14416 536350.536  165 1846 560934.266 533640.782  4.87%   582 4690s
 15567 14418 535199.420   40 1840 560934.266 533641.082  4.87%   582 4695s
 15569 14419 537569.073   38 1822 560934.266 533646.989  4.86%   582 4700s
 15574 14422 541922.629  212 1846 560934.266 533647.378  4.86%   581 4707s
 15575 14423 535472.470   33 1856 560934.266 533650.348  4.86%   581 4710s
 15578 14425 538981.135  365 1868 560934.266 533651.256  4.86%   581 4716s
 15580 14426 533658.802   67 1845 560934.266 533658.802  4.86%   581 4721s
 15585 14430 547118.679   88 1852 560934.266 533660.482  4.86%   581 4728s
 15586 14430 544013.858  272 1832 560934.266 533670.441  4.86%   581 4733s
 15587 14431 546441.427  279 1830 560934.266 533671.773  4.86%   581 4735s
 15594 14436 541835.750  164 1867 560934.266 533673.834  4.86%   581 4742s
 15595 14436 537664.121   48 1819 560934.266 533692.957  4.86%   581 4755s
 15597 14438 535967.681   84 1845 560934.266 533695.535  4.86%   581 4760s
 15600 14440 540501.466  151 1850 560934.266 533696.357  4.86%   580 4766s
 15601 14440 537214.830   49 1819 560934.266 533703.698  4.85%   580 4771s
 15605 14443 533703.967   65 1838 560934.266 533703.967  4.85%   580 4778s
 15606 14444 533711.466   74 1847 560934.266 533711.466  4.85%   580 4782s
 15608 14445 542219.124   24 1850 560934.266 533712.126  4.85%   580 4785s
 15611 14447 541371.093  175 1823 560934.266 533726.453  4.85%   580 4794s
 15612 14448 534769.978   31 1824 560934.266 533726.453  4.85%   580 4797s
 15615 14450 533727.472   86 1819 560934.266 533727.472  4.85%   580 4800s
 15618 14452 533738.129   93 1814 560934.266 533738.129  4.85%   580 4809s
 15619 14452 533738.129   31 1815 560934.266 533738.129  4.85%   580 4810s
 15623 14455 535045.726   77 1849 560934.266 533738.129  4.85%   580 4816s
 15624 14456 542897.652  183 1813 560934.266 533742.545  4.85%   580 4821s
 15629 14459 558097.684  409 1845 560934.266 533743.224  4.85%   579 4829s
 15630 14460 544243.524  197 1818 560934.266 533752.181  4.85%   579 4833s
 15632 14461 533752.181   35 1841 560934.266 533752.181  4.85%   579 4836s
 15635 14463 537446.637   67 1847 560934.266 533752.181  4.85%   579 4841s
 15636 14464 539527.579  244 1815 560934.266 533760.561  4.84%   579 4847s
 15638 14465 560430.481 1127 1837 560934.266 533760.769  4.84%   579 4850s
 15640 14466 536855.577   23 1869 560934.266 533761.148  4.84%   579 4855s
 15642 14468 534620.741   51 1854 560934.266 533766.512  4.84%   579 4861s
 15646 14470 544132.432  121 1844 560934.266 533768.031  4.84%   579 4869s
 15647 14471 542746.685  146 1857 560934.266 533775.143  4.84%   579 4873s
 15648 14472 545942.130  439 1875 560934.266 533775.143  4.84%   579 4876s
 15652 14474 533900.238  109 1861 560934.266 533775.143  4.84%   579 4883s
 15653 14475 540197.351   62 1878 560934.266 533779.366  4.84%   579 4886s
 15655 14476 533779.366   26 1905 560934.266 533779.366  4.84%   578 4892s
 15656 14477 534786.954   73 1870 560934.266 533782.213  4.84%   578 4897s
 15658 14478 559455.937  180 1882 560934.266 533783.574  4.84%   578 4901s
 15663 14482 533784.710   20 1894 560934.266 533784.710  4.84%   578 4908s
 15664 14482 540627.172  166 1862 560934.266 533791.626  4.84%   578 4911s
 15667 14484 535199.420   40 1877 560934.266 533795.023  4.84%   578 4915s
 15670 14486 533795.735   84 1888 560934.266 533795.735  4.84%   578 4921s
 15671 14487 541946.915  213 1867 560934.266 533806.096  4.84%   578 4928s
 15673 14488 547540.845  482 1895 560934.266 533806.096  4.84%   578 4930s
 15676 14490 539001.647  121 1909 560934.266 533806.096  4.84%   578 4936s
 15677 14491 544086.120  210 1903 560934.266 533806.096  4.84%   578 4940s
 15681 14494 533806.906   86 1888 560934.266 533806.906  4.84%   577 4948s
 15682 14494 538574.012  153 1893 560934.266 533811.549  4.84%   577 4953s
 15683 14495 533812.415   19 1909 560934.266 533812.415  4.84%   577 4955s
 15687 14498 546441.427  279 1902 560934.266 533814.546  4.83%   577 4963s
 15688 14498 559565.201  168 1897 560934.266 533817.341  4.83%   577 4966s
 15691 14500 537849.391   89 1922 560934.266 533817.630  4.83%   577 4973s
 15692 14501 533829.429   68 1891 560934.266 533829.429  4.83%   577 4979s
 15693 14502 536374.689  173 1878 560934.266 533830.975  4.83%   577 4981s
 15696 14504 539501.104  147 1891 560934.266 533832.481  4.83%   577 4987s
 15697 14504 535967.681   84 1880 560934.266 533834.855  4.83%   577 5001s
 15699 14506 536506.206  170 1898 560934.266 533834.855  4.83%   577 5008s
 15700 14506 540501.466  151 1913 560934.266 533837.627  4.83%   577 5012s
 15703 14508 538130.299  109 1920 560934.266 533838.453  4.83%   577 5015s
 15708 14512 542219.124   24 1913 560934.266 533839.801  4.83%   576 5023s
 15709 14512 533844.726   86 1910 560934.266 533844.726  4.83%   576 5028s
 15711 14514 541371.093  175 1910 560934.266 533844.900  4.83%   576 5030s
 15715 14516 533845.370   86 1916 560934.266 533845.370  4.83%   576 5037s
 15716 14517 533848.784   44 1909 560934.266 533848.784  4.83%   576 5044s
 15717 14518 557985.314  412 1917 560934.266 533849.419  4.83%   576 5045s
 15721 14520 533850.275   64 1935 560934.266 533850.275  4.83%   576 5052s
 15722 14521 533853.230   58 1909 560934.266 533853.230  4.83%   576 5055s
 15725 14523 534221.785   42 1923 560934.266 533853.230  4.83%   576 5061s
 15726 14524 533858.197   91 1918 560934.266 533858.197  4.83%   576 5066s
 15729 14526 558097.684  409 1931 560934.266 533860.845  4.83%   576 5070s
 15731 14527 536027.815  258 1937 560934.266 533861.112  4.83%   576 5076s
 15733 14528 544782.765  287 1904 560934.266 533863.337  4.83%   576 5080s
 15736 14530 539527.579  244 1923 560934.266 533863.808  4.83%   575 5086s
 15737 14531 536295.698   68 1929 560934.266 533867.281  4.83%   575 5091s
 15740 14533 536855.577   23 1932 560934.266 533867.281  4.83%   575 5097s
 15741 14534 533869.864  135 1923 560934.266 533869.864  4.82%   575 5100s
 15744 14536 538356.514  144 1927 560934.266 533870.649  4.82%   575 5108s
 15745 14536 534197.535  105 1931 560934.266 533872.628  4.82%   575 5112s
 15748 14538 545942.130  439 1913 560934.266 533872.628  4.82%   575 5118s
 15749 14539 540484.511  282 1920 560934.266 533873.927  4.82%   575 5122s
 15752 14541 533900.238  109 1914 560934.266 533874.379  4.82%   575 5128s
 15753 14542 540197.351   62 1925 560934.266 533877.101  4.82%   575 5132s
 15756 14544 534786.954   73 1938 560934.266 533877.101  4.82%   575 5139s
 15757 14544 539510.292  142 1933 560934.266 533877.992  4.82%   575 5142s
 15760 14546 533878.020  121 1933 560934.266 533878.020  4.82%   575 5145s
 15761 14547 539788.855  172 1935 560934.266 533878.044  4.82%   575 5150s
 15762 14548 540495.149  178 1904 560934.266 533882.266  4.82%   575 5159s
 15763 14548 533882.305   20 1923 560934.266 533882.305  4.82%   574 5161s
 15766 14550 533883.222   22 1929 560934.266 533883.222  4.82%   574 5168s
 15767 14551 535199.420   40 1938 560934.266 533886.218  4.82%   574 5171s
 15769 14552 537569.073   38 1931 560934.266 533886.218  4.82%   574 5177s
 15770 14553 533888.757   84 1942 560934.266 533888.757  4.82%   574 5181s
 15773 14555 547540.845  482 1938 560934.266 533889.192  4.82%   574 5188s
 15774 14556 541922.629  212 1930 560934.266 533893.033  4.82%   574 5194s
 15775 14556 535472.470   33 1920 560934.266 533893.033  4.82%   574 5195s
 15777 14558 544086.120  210 1937 560934.266 533893.230  4.82%   574 5201s
 15779 14559 556902.311  561 1923 560934.266 533895.519  4.82%   574 5205s
 15783 14562 533896.501   19 1937 560934.266 533896.501  4.82%   574 5212s
 15784 14562 557626.536  716 1941 560934.266 533899.298  4.82%   574 5215s
 15788 14565 559565.201  168 1947 560934.266 533899.715  4.82%   574 5222s
 15789 14566 533901.273   13 1951 560934.266 533901.273  4.82%   574 5226s
 15791 14567 537849.391   89 1962 560934.266 533901.273  4.82%   573 5232s
 15792 14568 533902.312   68 1968 560934.266 533902.312  4.82%   573 5235s
 15795 14570 537664.121   48 1964 560934.266 533902.447  4.82%   573 5242s
 15796 14570 539501.104  147 1944 560934.266 533909.544  4.82%   573 5246s
 15799 14572 536506.206  170 1955 560934.266 533909.544  4.82%   573 5253s
 15800 14573 540501.466  151 1951 560934.266 533909.853  4.82%   573 5256s
 15803 14575 538130.299  109 1959 560934.266 533911.839  4.82%   573 5260s
 15805 14576 533911.966   65 1956 560934.266 533911.966  4.82%   573 5265s
 15806 14577 533917.227   74 1941 560934.266 533917.227  4.82%   573 5276s
 15809 14579 533917.227   86 1970 560934.266 533917.227  4.82%   573 5280s
 15811 14580 541371.093  175 1967 560934.266 533917.227  4.82%   573 5285s
 15812 14581 534769.978   31 1930 560934.266 533920.633  4.82%   573 5290s
 15815 14583 533920.633   86 1937 560934.266 533920.633  4.82%   573 5295s
 15816 14584 533920.633   44 1935 560934.266 533920.633  4.82%   573 5300s
 15817 14584 557985.314  412 1945 560934.266 533922.318  4.82%   573 5305s
 15822 14588 533922.627   58 1965 560934.266 533922.627  4.82%   572 5313s
 15823 14588 535045.726   77 1967 560934.266 533924.479  4.82%   572 5317s
 15824 14589 542897.652  183 1973 560934.266 533924.479  4.82%   572 5323s
 15825 14590 534221.785   42 1975 560934.266 533926.336  4.81%   572 5327s
 15827 14591 538200.912  104 1964 560934.266 533926.336  4.81%   572 5334s
 15828 14592 557363.273  247 1969 560934.266 533927.307  4.81%   572 5793s
 15829 14592 558097.684  409 1970 560934.266 533928.161  4.81%   572 5889s
 15830 14593 544243.524  197 1965 560934.266 533928.716  4.81%   572 5891s
 15832 14594 533928.836   35 1966 560934.266 533928.836  4.81%   572 5896s
 15833 14595 544782.765  287 1958 560934.266 533930.149  4.81%   572 5900s
 15836 14597 539527.579  244 1974 560934.266 533930.758  4.81%   572 5907s
 15837 14598 536295.698   68 1967 560934.266 533934.562  4.81%   572 5912s
 15840 14600 536855.577   23 1999 560934.266 533934.562  4.81%   572 5915s
 15841 14600 533934.562  135 2001 560934.266 533934.562  4.81%   572 5920s
 15842 14601 534620.741   51 1977 560934.266 533936.448  4.81%   572 5925s
 15846 14604 544132.432  121 1985 560934.266 533936.948  4.81%   571 5932s
 15847 14604 542746.685  146 1962 560934.266 533939.296  4.81%   571 5935s
 15851 14607 551226.059  131 1983 560934.266 533939.787  4.81%   571 5944s
 15852 14608 533941.683  109 1968 560934.266 533941.683  4.81%   571 5950s
 15856 14610 534786.954   73 1974 560934.266 533943.428  4.81%   571 5959s
 15857 14611 539510.292  142 1948 560934.266 533948.032  4.81%   571 5965s
 15860 14613 533948.032  121 1970 560934.266 533948.032  4.81%   571 5972s
 15861 14614 539788.855  172 1966 560934.266 533948.032  4.81%   571 5975s
 15864 14616 540627.172  166 1992 560934.266 533948.032  4.81%   571 5982s
 15865 14616 536350.536  165 1972 560934.266 533952.757  4.81%   571 5986s
 15867 14618 535199.420   40 1966 560934.266 533953.155  4.81%   571 5992s
 15868 14618 547511.709  484 1963 560934.266 533956.478  4.81%   571 5998s
 15870 14620 533956.478   84 1963 560934.266 533956.478  4.81%   571 6000s
 15873 14622 547540.845  482 1951 560934.266 533956.581  4.81%   570 6005s
 15874 14622 541922.629  212 1954 560934.266 533960.651  4.81%   570 6010s
 15878 14625 538981.135  365 1968 560934.266 533961.898  4.81%   570 6015s
 15880 14626 533962.003   67 1975 560934.266 533962.003  4.81%   570 6020s
 15881 14627 533963.847   86 1986 560934.266 533963.847  4.81%   570 6025s
 15883 14628 533963.847   19 1994 560934.266 533963.847  4.81%   570 6031s
 15884 14629 557626.536  716 2002 560934.266 533965.520  4.81%   570 6035s
 15887 14631 546441.427  279 1983 560934.266 533966.326  4.81%   570 6040s
 15889 14632 533966.820   13 1985 560934.266 533966.820  4.81%   570 6046s
 15890 14633 552303.486  172 1997 560934.266 533968.677  4.81%   570 6052s
 15893 14635 536374.689  173 2010 560934.266 533968.677  4.81%   570 6058s
 15894 14636 541835.750  164 2001 560934.266 533970.267  4.81%   570 6063s
 15896 14637 539501.104  147 2016 560934.266 533970.267  4.81%   570 6070s
 15898 14638 539586.818  146 1981 560934.266 533970.267  4.81%   570 6318s
 15899 14639 536506.206  170 1981 560934.266 533971.906  4.81%   570 6502s
 15900 14642 533984.593   28 1965 560934.266 533971.906  4.81%   603 6533s
 15901 14643 533993.566   29 1949 560934.266 533984.888  4.80%   603 6557s
 15903 14647 534353.751   30 1820 560934.266 533993.582  4.80%   604 6598s
 15907 14648 534779.217   31 1738 560934.266 534054.738  4.79%   605 6693s
 15910 14655 536224.919   30 1855 560934.266 534054.738  4.79%   608 6941s
 15918 14672 535573.195   32 1858 560934.266 534054.738  4.79%   654 7200s

Cutting planes:
  Learned: 1
  Gomory: 18
  Lift-and-project: 12
  Cover: 107
  Implied bound: 1756
  Projected implied bound: 42
  Clique: 2
  MIR: 2419
  Mixing: 27
  StrongCG: 6
  Flow cover: 2417
  GUB cover: 55
  Zero half: 35
  Network: 4
  RLT: 17
  Relax-and-lift: 227
  BQP: 1

Explored 15937 nodes (10931366 simplex iterations) in 7200.77 seconds (12783.23 work units)
Thread count was 32 (of 64 available processors)

Solution count 2: 560934 560934 

Time limit reached
Best objective 5.609342659587e+05, best bound 5.343011960106e+05, gap 4.7480%

User-callback calls 1677795, time in user-callback 0.11 sec

Gurobi 12.0.3 (linux64, C++) logging started Fri Nov 21 03:06:40 2025

Set parameter LicenseID to value 2723399
Set parameter TimeLimit to value 7200
Set parameter MIPGap to value 0
Set parameter LogFile to value "two_index_formulation_original.log"
Gurobi Optimizer version 12.0.3 build v12.0.3rc0 (linux64 - "Ubuntu 24.04.2 LTS")

CPU model: AMD Ryzen Threadripper 7970X 32-Cores, instruction set [SSE2|AVX|AVX2|AVX512]
Thread count: 32 physical cores, 64 logical processors, using up to 32 threads

Non-default parameters:
TimeLimit  7200
MIPGap  0

Optimize a model with 3344507 rows, 3097782 columns and 24936679 nonzeros
Model fingerprint: 0xf7b32289
Variable types: 2065526 continuous, 1032256 integer (1032256 binary)
Coefficient statistics:
  Matrix range     [1e+00, 7e+03]
  Objective range  [1e+00, 1e+04]
  Bounds range     [1e+00, 7e+03]
  RHS range        [1e+00, 5e+02]

User MIP start produced solution with objective 187218 (3.35s)
Loaded user MIP start with objective 187218
Processed MIP start in 3.68 seconds (3.93 work units)

Presolve removed 2696182 rows and 2624229 columns (presolve time = 5s)...
Presolve removed 2698377 rows and 2625762 columns
Presolve time: 5.79s
Presolved: 646130 rows, 472020 columns, 4038500 nonzeros
Variable types: 300525 continuous, 171495 integer (171431 binary)
Performing another presolve...
Presolve removed 1980 rows and 862 columns (presolve time = 5s)...
Presolve removed 88208 rows and 1843 columns (presolve time = 10s)...
Presolve removed 88210 rows and 1843 columns (presolve time = 16s)...
Presolve removed 93521 rows and 8395 columns (presolve time = 20s)...
Presolve removed 93741 rows and 8393 columns
Presolve time: 24.83s
Deterministic concurrent LP optimizer: primal simplex, dual simplex, and barrier
Showing barrier log only...

Root barrier log...

Elapsed ordering time = 5s
Elapsed ordering time = 10s
Elapsed ordering time = 15s
Elapsed ordering time = 20s
Elapsed ordering time = 25s
Elapsed ordering time = 30s
Elapsed ordering time = 35s
Elapsed ordering time = 40s
Elapsed ordering time = 45s
Ordering time: 48.72s

Barrier statistics:
 Dense cols : 654
 AA' NZ     : 4.512e+07
 Factor NZ  : 2.254e+08 (roughly 2.2 GB of memory)
 Factor Ops : 3.198e+11 (roughly 1 second per iteration)
 Threads    : 30

                  Objective                Residual
Iter       Primal          Dual         Primal    Dual     Compl     Time
   0   2.44480203e+09 -1.25791343e+10  2.68e+06 6.05e+01  7.82e+05    98s
   1   2.21982969e+09 -1.25058556e+10  2.41e+06 9.56e+01  7.01e+05    99s
   2   1.56811786e+09 -1.23152122e+10  1.77e+06 9.86e+01  5.29e+05   100s
   3   1.12054684e+09 -1.20066343e+10  1.27e+06 9.63e+01  3.85e+05   101s
   4   9.76932941e+08 -1.14877436e+10  1.11e+06 7.06e+01  3.35e+05   102s
   5   5.03412421e+08 -1.07500477e+10  5.65e+05 5.33e+01  1.77e+05   103s
   6   2.80788182e+08 -8.34661024e+09  3.15e+05 1.85e+01  9.83e+04   104s
   7   1.08620777e+08 -5.43115375e+09  1.22e+05 5.20e+00  3.92e+04   105s
   8   2.75579727e+07 -2.35375960e+09  3.09e+04 3.73e-01  1.02e+04   106s
   9   1.32588484e+07 -1.45275697e+09  1.47e+04 1.02e-01  4.88e+03   107s
  10   7.71114541e+06 -8.22802800e+08  8.44e+03 1.08e-12  2.65e+03   108s
  11   4.11147417e+06 -5.89202017e+08  4.35e+03 2.42e-13  1.44e+03   109s
  12   3.04795506e+06 -4.94305546e+08  3.13e+03 1.88e-13  1.06e+03   110s
  13   2.59192249e+06 -3.75036245e+08  2.61e+03 5.68e-13  8.41e+02   111s
  14   2.14941554e+06 -3.20554988e+08  2.10e+03 1.73e-13  6.80e+02   112s
  15   1.86142586e+06 -2.48609287e+08  1.76e+03 1.79e-13  5.45e+02   113s
  16   1.31052281e+06 -1.87004414e+08  1.11e+03 1.53e-13  3.56e+02   114s
  17   7.40526901e+05 -1.42593189e+08  3.62e+02 1.60e-13  1.69e+02   115s
  18   6.20853133e+05 -9.41784162e+07  1.96e+02 1.55e-13  1.01e+02   116s
  19   5.77594118e+05 -7.46089132e+07  1.36e+02 1.47e-13  7.47e+01   117s
  20   5.54344562e+05 -5.91022971e+07  1.03e+02 1.51e-13  5.67e+01   118s
  21   5.44953753e+05 -4.68871606e+07  7.75e+01 1.28e-13  4.34e+01   119s
  22   5.43083324e+05 -3.58732252e+07  6.06e+01 1.71e-13  3.24e+01   120s
  23   5.34233238e+05 -2.86026686e+07  3.11e+01 1.28e-13  2.33e+01   121s
  24   5.39637205e+05 -2.04199697e+07  1.06e+01 1.32e-13  1.52e+01   122s
  25   5.11806079e+05 -8.10094449e+06  1.98e+00 1.58e-13  5.93e+00   123s
  26   4.82989551e+05 -3.82769975e+06  1.12e+00 1.42e-13  2.96e+00   124s
  27   4.58742556e+05 -2.79348019e+06  8.08e-01 1.35e-13  2.22e+00   125s
  28   4.25652837e+05 -1.72661812e+06  5.15e-01 1.45e-13  1.47e+00   126s
  29   4.11247557e+05 -1.51420515e+06  4.53e-01 2.05e-13  1.31e+00   127s
  30   3.82933298e+05 -9.76896993e+05  3.42e-01 1.64e-13  9.27e-01   128s
  31   3.44985956e+05 -6.67899205e+05  2.27e-01 1.62e-13  6.89e-01   129s
  32   3.14682989e+05 -3.86563777e+05  1.62e-01 1.54e-13  4.77e-01   130s
  33   3.00112395e+05 -2.77703018e+05  1.39e-01 1.66e-13  3.93e-01   131s
  34   2.68387151e+05 -1.48511605e+05  1.04e-01 2.02e-13  2.83e-01   132s
  35   2.40217009e+05 -9.52171196e+04  7.41e-02 1.59e-13  2.28e-01   133s
  36   2.28010184e+05 -5.53938825e+04  6.47e-02 2.04e-13  1.92e-01   134s
  37   1.99691601e+05 -1.12424424e+04  4.47e-02 2.21e-13  1.43e-01   135s
  38   1.89124724e+05  1.93200846e+04  3.83e-02 1.84e-13  1.15e-01   136s
  39   1.83210202e+05  2.48901379e+04  3.48e-02 2.56e-13  1.07e-01   137s
  40   1.81605226e+05  4.17699523e+04  3.38e-02 2.31e-13  9.50e-02   139s
  41   1.81652629e+05  4.50973167e+04  3.20e-02 2.40e-13  9.27e-02   140s
  42   1.78171995e+05  5.92126356e+04  2.94e-02 2.64e-13  8.08e-02   141s
  43   1.78347710e+05  8.64770646e+04  3.74e-03 2.52e-13  6.22e-02   142s
  44   1.72287942e+05  1.13679803e+05  1.82e-03 3.24e-13  3.97e-02   143s
  45   1.70970027e+05  1.21947692e+05  1.61e-03 2.70e-13  3.32e-02   144s
  46   1.69734697e+05  1.26096532e+05  1.46e-03 2.58e-13  2.95e-02   145s
  47   1.68236635e+05  1.28254028e+05  1.33e-03 2.91e-13  2.71e-02   146s
  48   1.65639384e+05  1.30473179e+05  1.06e-03 3.52e-13  2.38e-02   147s
  49   1.61760635e+05  1.35686840e+05  7.03e-04 3.23e-13  1.76e-02   148s
  50   1.59282098e+05  1.39356761e+05  5.18e-04 3.77e-13  1.35e-02   149s
  51   1.57278955e+05  1.41715567e+05  3.81e-04 4.55e-13  1.05e-02   150s
  52   1.55926895e+05  1.43841017e+05  2.94e-04 4.42e-13  8.18e-03   151s
  53   1.55177403e+05  1.44914271e+05  2.48e-04 5.56e-13  6.95e-03   152s
  54   1.54766349e+05  1.45900331e+05  2.23e-04 6.17e-13  6.00e-03   153s
  55   1.54371381e+05  1.46149665e+05  2.00e-04 5.34e-13  5.57e-03   154s
  56   1.54050877e+05  1.46755934e+05  1.81e-04 5.65e-13  4.94e-03   156s
  57   1.53973764e+05  1.47157226e+05  1.77e-04 6.88e-13  4.61e-03   157s
  58   1.53542130e+05  1.47571847e+05  1.52e-04 7.67e-13  4.04e-03   158s
  59   1.53494899e+05  1.48058653e+05  1.50e-04 7.29e-13  3.68e-03   159s
  60   1.53317079e+05  1.48380154e+05  1.40e-04 6.42e-13  3.34e-03   160s
  61   1.52733620e+05  1.48591812e+05  1.08e-04 7.12e-13  2.80e-03   161s
  62   1.52210261e+05  1.48995263e+05  7.79e-05 5.41e-13  2.18e-03   162s
  63   1.51834029e+05  1.49270795e+05  5.65e-05 7.41e-13  1.74e-03   163s
  64   1.51595961e+05  1.49896066e+05  4.32e-05 5.41e-13  1.15e-03   164s
  65   1.51334386e+05  1.50113941e+05  2.89e-05 6.70e-13  8.26e-04   165s
  66   1.51170122e+05  1.50350862e+05  2.01e-05 5.32e-13  5.55e-04   167s
  67   1.50999316e+05  1.50496092e+05  1.10e-05 6.52e-13  3.41e-04   168s
  68   1.50930120e+05  1.50606682e+05  7.44e-06 7.74e-13  2.19e-04   169s
  69   1.50873809e+05  1.50658752e+05  4.64e-06 8.86e-13  1.46e-04   171s
  70   1.50856889e+05  1.50687401e+05  3.93e-06 8.76e-13  1.15e-04   172s
  71   1.50829990e+05  1.50735070e+05  3.76e-06 8.85e-13  6.43e-05   173s
  72   1.50812541e+05  1.50747016e+05  3.67e-06 6.48e-13  4.44e-05   174s
  73   1.50807826e+05  1.50754142e+05  3.52e-06 8.23e-13  3.64e-05   176s
  74   1.50798272e+05  1.50762584e+05  2.23e-06 4.68e-13  2.42e-05   177s
  75   1.50791480e+05  1.50769364e+05  1.59e-06 5.86e-13  1.50e-05   178s
  76   1.50786852e+05  1.50775254e+05  9.48e-07 1.06e-12  7.86e-06   179s
  77   1.50784545e+05  1.50777055e+05  6.23e-07 5.36e-13  5.07e-06   180s
  78   1.50783291e+05  1.50778311e+05  4.41e-07 7.40e-13  3.37e-06   181s
  79   1.50781877e+05  1.50779305e+05  2.79e-07 1.13e-12  1.74e-06   182s
  80   1.50781159e+05  1.50779780e+05  1.74e-07 5.31e-13  9.34e-07   183s
  81   1.50780861e+05  1.50780218e+05  6.17e-07 8.16e-13  4.36e-07   184s
  82   1.50780397e+05  1.50780321e+05  5.14e-08 1.86e-12  5.17e-08   185s
  83   1.50780332e+05  1.50780324e+05  1.99e-06 1.40e-12  5.70e-09   186s
  84   1.50780324e+05  1.50780324e+05  1.83e-07 1.85e-12  9.64e-12   187s

Barrier solved model in 84 iterations and 187.37 seconds (387.93 work units)
Optimal objective 1.50780324e+05


Root crossover log...

  292317 DPushes remaining with DInf 0.0000000e+00               188s
    4167 DPushes remaining with DInf 0.0000000e+00               219s
       0 DPushes remaining with DInf 0.0000000e+00               220s

     880 PPushes remaining with PInf 5.9322465e-06               220s
       0 PPushes remaining with PInf 0.0000000e+00               221s

  Push phase complete: Pinf 0.0000000e+00, Dinf 2.3086102e-11    221s


Root simplex log...

Iteration    Objective       Primal Inf.    Dual Inf.      Time
  107148    1.5078032e+05   0.000000e+00   0.000000e+00    221s
Waiting for other threads to finish...         285s
Concurrent spin time: 98.36s (can be avoided by choosing Method=3)

Solved with barrier
  107148    1.5078032e+05   0.000000e+00   0.000000e+00    320s

Root relaxation: objective 1.507803e+05, 107148 iterations, 281.44 seconds (434.15 work units)
Total elapsed time = 319.79s (DegenMoves)
Total elapsed time = 334.12s (DegenMoves)
Total elapsed time = 335.35s (DegenMoves)

    Nodes    |    Current Node    |     Objective Bounds      |     Work
 Expl Unexpl |  Obj  Depth IntInf | Incumbent    BestBd   Gap | It/Node Time

     0     0 150780.324    0 1211 187218.078 150780.324  19.5%     -  337s
     0     0 150789.930    0 1218 187218.078 150789.930  19.5%     -  376s
     0     0 150820.591    0 1214 187218.078 150820.591  19.4%     -  504s
     0     0 150844.883    0 1215 187218.078 150844.883  19.4%     -  627s
     0     0 150854.742    0 1226 187218.078 150854.742  19.4%     -  730s
     0     0 150881.463    0 1218 187218.078 150881.463  19.4%     -  795s
     0     0 150882.785    0 1220 187218.078 150882.785  19.4%     -  805s
     0     0 150883.144    0 1220 187218.078 150883.144  19.4%     -  809s
     0     0 150883.577    0 1223 187218.078 150883.577  19.4%     -  811s
     0     0 150883.803    0 1218 187218.078 150883.803  19.4%     -  821s
H    0     0                    187218.07837 150883.803  19.4%     - 1342s
     0     0 151307.534    0 1351 187218.078 151307.534  19.2%     - 2331s
     0     0 151312.812    0 1332 187218.078 151312.812  19.2%     - 2436s
     0     0 151312.894    0 1325 187218.078 151312.894  19.2%     - 2463s
     0     0 151312.957    0 1324 187218.078 151312.957  19.2%     - 2480s
     0     0 151352.056    0 1364 187218.078 151352.056  19.2%     - 3892s
     0     0 151352.111    0 1360 187218.078 151352.111  19.2%     - 3899s
     0     0 151354.988    0 1393 187218.078 151354.988  19.2%     - 4021s
     0     0 151354.988    0 1392 187218.078 151354.988  19.2%     - 4022s
     0     0 151355.153    0 1398 187218.078 151355.153  19.2%     - 4053s
     0     0 151355.181    0 1393 187218.078 151355.181  19.2%     - 4072s
     0     0 151355.196    0 1394 187218.078 151355.196  19.2%     - 4078s
     0     0 151355.197    0 1397 187218.078 151355.197  19.2%     - 4079s
     0     0 151425.037    0 1402 187218.078 151425.037  19.1%     - 4613s
     0     0 151425.161    0 1402 187218.078 151425.161  19.1%     - 4630s
     0     0 151425.169    0 1396 187218.078 151425.169  19.1%     - 4635s
     0     0 151427.547    0 1427 187218.078 151427.547  19.1%     - 4748s
     0     0 151427.574    0 1418 187218.078 151427.574  19.1%     - 4752s
     0     0 151427.591    0 1418 187218.078 151427.591  19.1%     - 4755s
     0     0 151428.052    0 1418 187218.078 151428.052  19.1%     - 4790s
     0     0 151428.097    0 1424 187218.078 151428.097  19.1%     - 4799s
     0     0 151510.989    0 1420 187218.078 151510.989  19.1%     - 5643s
     0     0 151511.036    0 1419 187218.078 151511.036  19.1%     - 5650s
     0     0 151511.037    0 1416 187218.078 151511.037  19.1%     - 5652s
     0     0 151515.929    0 1421 187218.078 151515.929  19.1%     - 5865s
     0     0 151516.794    0 1423 187218.078 151516.794  19.1%     - 5957s
     0     0 151516.904    0 1433 187218.078 151516.904  19.1%     - 5984s
     0     0 151516.947    0 1440 187218.078 151516.947  19.1%     - 5997s
     0     0 151520.292    0 1431 187218.078 151520.292  19.1%     - 6172s
     0     0 151520.318    0 1437 187218.078 151520.318  19.1%     - 6182s
     0     0 151520.322    0 1437 187218.078 151520.322  19.1%     - 6189s
     0     0 151520.601    0 1430 187218.078 151520.601  19.1%     - 6225s
     0     0 151520.615    0 1442 187218.078 151520.615  19.1%     - 6234s
     0     0 151521.174    0 1428 187218.078 151521.174  19.1%     - 6270s
     0     0 151521.187    0 1433 187218.078 151521.187  19.1%     - 6279s
     0     0 151521.403    0 1418 187218.078 151521.403  19.1%     - 6296s
     0     0 151521.411    0 1419 187218.078 151521.411  19.1%     - 6305s
     0     0 151521.466    0 1416 187218.078 151521.466  19.1%     - 6309s
     0     0 151521.469    0 1421 187218.078 151521.469  19.1%     - 6315s
     0     0 151521.652    0 1414 187218.078 151521.652  19.1%     - 6324s
     0     0 151521.660    0 1415 187218.078 151521.660  19.1%     - 6330s
     0     0 151521.684    0 1415 187218.078 151521.684  19.1%     - 6332s
     0     0 151521.686    0 1400 187218.078 151521.686  19.1%     - 6340s
     0     2 151582.500    0 1400 187218.078 151582.500  19.0%     - 6715s
     1     3 151582.500    1 1406 187218.078 151582.500  19.0%  9833 6799s
     2     4 151582.500    1 1423 187218.078 151582.500  19.0%  7324 6849s
     3     5 151582.500    2 1415 187218.078 151582.500  19.0%  9760 7005s
     4     6 151582.500    2 1419 187218.078 151582.500  19.0%  9213 7105s
     5    10 151582.500    2 1436 187218.078 151582.500  19.0%  8701 7200s

Cutting planes:
  Learned: 5
  Gomory: 18
  Cover: 109
  Implied bound: 1544
  Clique: 25
  MIR: 367
  StrongCG: 5
  Flow cover: 373
  GUB cover: 63
  Network: 5
  RLT: 129
  Relax-and-lift: 327
  BQP: 16
  PSD: 4

Explored 9 nodes (626984 simplex iterations) in 7200.60 seconds (11893.25 work units)
Thread count was 32 (of 64 available processors)

Solution count 3: 187218 187218 187218 

Time limit reached
Best objective 1.872180783684e+05, best bound 1.515825000078e+05, gap 19.0343%

User-callback calls 866011, time in user-callback 0.04 sec

Gurobi 12.0.3 (linux64, C++) logging started Fri Nov 21 05:06:57 2025

Set parameter LicenseID to value 2723399
Set parameter TimeLimit to value 7200
Set parameter MIPGap to value 0
Set parameter LogFile to value "two_index_formulation_original.log"

Gurobi 12.0.3 (linux64, C++) logging started Fri Nov 21 10:39:16 2025

Set parameter LicenseID to value 2723399
Set parameter TimeLimit to value 7200
Set parameter MIPGap to value 0
Set parameter LogFile to value "two_index_formulation_original.log"
Set parameter OutputFlag to value 1
Set parameter LogToConsole to value 1
Gurobi Optimizer version 12.0.3 build v12.0.3rc0 (linux64 - "Ubuntu 24.04.2 LTS")

CPU model: AMD Ryzen Threadripper 7970X 32-Cores, instruction set [SSE2|AVX|AVX2|AVX512]
Thread count: 32 physical cores, 64 logical processors, using up to 32 threads

Non-default parameters:
TimeLimit  7200
MIPGap  0

Optimize a model with 524472 rows, 534672 columns and 4176957 nonzeros
Model fingerprint: 0xefed6fe6
Variable types: 356588 continuous, 178084 integer (178084 binary)
Coefficient statistics:
  Matrix range     [1e+00, 2e+03]
  Objective range  [1e+00, 1e+04]
  Bounds range     [1e+00, 2e+03]
  RHS range        [1e+00, 2e+02]

User MIP start produced solution with objective 328678 (0.51s)
Loaded user MIP start with objective 328678

Presolve removed 221209 rows and 310041 columns (presolve time = 5s)...
Presolve removed 221899 rows and 310639 columns (presolve time = 10s)...
Presolve removed 221009 rows and 309742 columns
Presolve time: 12.55s
Presolved: 303463 rows, 224930 columns, 2407843 nonzeros
Variable types: 142526 continuous, 82404 integer (82404 binary)
Deterministic concurrent LP optimizer: primal simplex, dual simplex, and barrier
Showing barrier log only...

Root barrier log...

Ordering time: 7.13s

Barrier statistics:
 Dense cols : 1916
 AA' NZ     : 6.184e+06
 Factor NZ  : 2.364e+07 (roughly 400 MB of memory)
 Factor Ops : 2.375e+10 (less than 1 second per iteration)
 Threads    : 30

                  Objective                Residual
Iter       Primal          Dual         Primal    Dual     Compl     Time
   0   1.68441242e+08 -4.15410811e+09  2.64e+05 1.54e+02  2.60e+05    23s
   1   1.31315045e+08 -4.13161838e+09  2.35e+05 4.36e+02  2.33e+05    23s
   2   1.10436164e+08 -4.10842755e+09  2.09e+05 3.94e+02  2.12e+05    24s
   3   1.10563623e+08 -4.00210411e+09  1.86e+05 3.20e+02  1.83e+05    24s
   4   8.68390614e+07 -3.87596066e+09  1.35e+05 2.49e+02  1.37e+05    24s
   5   6.89516423e+07 -3.74012684e+09  1.00e+05 1.87e+02  1.03e+05    24s
   6   5.60329778e+07 -3.55831786e+09  7.87e+04 1.31e+02  8.00e+04    24s
   7   3.64754863e+07 -3.10058853e+09  5.03e+04 6.13e+01  5.12e+04    24s
   8   1.33842367e+07 -2.04978237e+09  1.80e+04 5.93e-10  1.86e+04    25s
   9   4.08285563e+06 -9.62610382e+08  5.20e+03 2.77e-10  5.38e+03    25s
  10   2.68316713e+06 -6.68342886e+08  3.27e+03 2.84e-12  3.29e+03    25s
  11   2.11670304e+06 -5.36394147e+08  2.48e+03 4.80e-11  2.47e+03    25s
  12   1.52764044e+06 -4.27394137e+08  1.68e+03 2.95e-11  1.71e+03    25s
  13   1.29695101e+06 -3.64561555e+08  1.36e+03 3.00e-11  1.39e+03    25s
  14   1.13119622e+06 -2.91338801e+08  1.14e+03 3.00e-11  1.12e+03    25s
  15   8.45638824e+05 -2.44653156e+08  7.43e+02 1.98e-11  7.93e+02    25s
  16   7.08291076e+05 -1.56545390e+08  4.42e+02 1.29e-11  4.69e+02    26s
  17   6.40893018e+05 -8.93341566e+07  2.32e+02 3.59e-11  2.45e+02    26s
  18   6.39582567e+05 -7.22737748e+07  2.15e+02 2.65e-11  2.09e+02    26s
  19   6.34246376e+05 -5.48437580e+07  1.84e+02 2.20e-11  1.65e+02    26s
  20   6.36418734e+05 -4.85309815e+07  1.52e+02 2.49e-11  1.39e+02    26s
  21   6.25935450e+05 -3.67577482e+07  9.68e+01 1.01e-11  9.44e+01    26s
  22   6.20962350e+05 -2.56367457e+07  4.92e+01 4.14e-12  5.53e+01    27s
  23   6.18180524e+05 -1.38938220e+07  2.83e+01 6.75e-12  2.82e+01    27s
  24   6.03045495e+05 -7.57127163e+06  1.07e+01 3.12e-12  1.33e+01    27s
  25   5.89273490e+05 -5.23963787e+06  7.70e+00 1.92e-12  9.11e+00    27s
  26   5.75708356e+05 -3.80689750e+06  6.11e+00 3.10e-12  6.70e+00    27s
  27   5.68434358e+05 -2.73750276e+06  5.27e+00 1.56e-12  4.98e+00    27s
  28   5.52034972e+05 -1.86933853e+06  3.73e+00 1.55e-12  3.54e+00    27s
  29   5.35290875e+05 -1.36320091e+06  2.58e+00 8.08e-13  2.71e+00    27s
  30   5.21693930e+05 -9.28710021e+05  2.05e+00 1.31e-12  2.04e+00    28s
  31   5.06822190e+05 -7.30456381e+05  1.52e+00 1.26e-12  1.72e+00    28s
  32   4.98767291e+05 -5.95402559e+05  1.32e+00 2.12e-12  1.51e+00    28s
  33   4.92727363e+05 -3.69650884e+05  1.17e+00 2.30e-12  1.19e+00    28s
  34   4.79510725e+05 -1.86072909e+05  9.66e-01 2.26e-12  9.14e-01    28s
  35   4.65547454e+05 -1.19262904e+05  8.21e-01 1.60e-12  8.00e-01    29s
  36   4.52362872e+05  1.53755864e+04  7.08e-01 2.10e-12  5.97e-01    29s
  37   4.39095199e+05  6.82270036e+04  6.43e-01 3.12e-12  5.06e-01    29s
  38   4.22400316e+05  1.11004502e+05  5.44e-01 2.75e-12  4.24e-01    29s
  39   4.04399031e+05  1.62526998e+05  4.53e-01 2.00e-12  3.29e-01    29s
  40   3.87044949e+05  1.88164254e+05  3.75e-01 1.64e-12  2.71e-01    29s
  41   3.65008374e+05  2.10730653e+05  2.82e-01 2.82e-12  2.10e-01    30s
  42   3.45696011e+05  2.30225673e+05  2.08e-01 2.15e-12  1.57e-01    30s
  43   3.32982418e+05  2.45031336e+05  1.61e-01 2.07e-12  1.19e-01    30s
  44   3.13871655e+05  2.56543377e+05  9.31e-02 2.05e-12  7.76e-02    30s
  45   3.01842318e+05  2.65789838e+05  5.34e-02 2.48e-12  4.87e-02    30s
